[2026-09-21T12:55:01+10:00] MONITOR_START sleep=300s account=OD-237777 excluded=OLMo mode=all_with_deepseek_fixed_parser
[2026-09-21T12:55:03+10:00] STATUS group=1 models=Gemma Qwen completed=2304/5760 active_jobs=0
[2026-09-21T12:55:03+10:00] ACTIVE group=1 none
[2026-09-21T12:55:03+10:00] SUBMIT group=1 job=RQ3B-1 id=32693324
[2026-09-21T12:55:04+10:00] STATUS group=2 models=Mistral completed=1963/2880 active_jobs=0
[2026-09-21T12:55:04+10:00] ACTIVE group=2 none
[2026-09-21T12:55:04+10:00] SUBMIT group=2 job=RQ3B-2 id=32693325
[2026-09-21T12:55:07+10:00] STATUS group=3 models=Llama3.1 DeepSeek completed=2880/5760 active_jobs=1
[2026-09-21T12:55:07+10:00] ACTIVE group=3 id=32693316 name=RQ3B-3 state=RUNNING elapsed=1:04 limit=2:00:00 partition=h2gpu node=g025 reason=g025
[2026-09-21T13:00:09+10:00] STATUS group=1 models=Gemma Qwen completed=2313/5760 active_jobs=1
[2026-09-21T13:00:09+10:00] ACTIVE group=1 id=32693324 name=RQ3B-1 state=RUNNING elapsed=5:06 limit=2:00:00 partition=h2gpu node=g025 reason=g025
[2026-09-21T13:00:11+10:00] STATUS group=2 models=Mistral completed=1972/2880 active_jobs=1
[2026-09-21T13:00:11+10:00] ACTIVE group=2 id=32693325 name=RQ3B-2 state=RUNNING elapsed=5:05 limit=2:00:00 partition=h2gpu node=g046 reason=g046
[2026-09-21T13:00:13+10:00] STATUS group=3 models=Llama3.1 DeepSeek completed=2880/5760 active_jobs=1
[2026-09-21T13:00:13+10:00] ACTIVE group=3 id=32693316 name=RQ3B-3 state=RUNNING elapsed=6:10 limit=2:00:00 partition=h2gpu node=g025 reason=g025
[2026-09-21T13:05:15+10:00] STATUS group=1 models=Gemma Qwen completed=2328/5760 active_jobs=1
[2026-09-21T13:05:15+10:00] ACTIVE group=1 id=32693324 name=RQ3B-1 state=RUNNING elapsed=10:12 limit=2:00:00 partition=h2gpu node=g025 reason=g025
[2026-09-21T13:05:17+10:00] STATUS group=2 models=Mistral completed=1988/2880 active_jobs=1
[2026-09-21T13:05:17+10:00] ACTIVE group=2 id=32693325 name=RQ3B-2 state=RUNNING elapsed=10:11 limit=2:00:00 partition=h2gpu node=g046 reason=g046
[2026-09-21T13:05:19+10:00] STATUS group=3 models=Llama3.1 DeepSeek completed=2880/5760 active_jobs=1
[2026-09-21T13:05:19+10:00] ACTIVE group=3 id=32693316 name=RQ3B-3 state=RUNNING elapsed=11:16 limit=2:00:00 partition=h2gpu node=g025 reason=g025
[2026-09-21T13:10:21+10:00] STATUS group=1 models=Gemma Qwen completed=2344/5760 active_jobs=1
[2026-09-21T13:10:21+10:00] ACTIVE group=1 id=32693324 name=RQ3B-1 state=RUNNING elapsed=15:18 limit=2:00:00 partition=h2gpu node=g025 reason=g025
[2026-09-21T13:10:22+10:00] STATUS group=2 models=Mistral completed=2005/2880 active_jobs=1
[2026-09-21T13:10:22+10:00] ACTIVE group=2 id=32693325 name=RQ3B-2 state=RUNNING elapsed=15:16 limit=2:00:00 partition=h2gpu node=g046 reason=g046
[2026-09-21T13:10:24+10:00] STATUS group=3 models=Llama3.1 DeepSeek completed=2880/5760 active_jobs=1
[2026-09-21T13:10:25+10:00] ACTIVE group=3 id=32693316 name=RQ3B-3 state=RUNNING elapsed=16:21 limit=2:00:00 partition=h2gpu node=g025 reason=g025
[2026-09-21T13:15:26+10:00] STATUS group=1 models=Gemma Qwen completed=2358/5760 active_jobs=1
[2026-09-21T13:15:26+10:00] ACTIVE group=1 id=32693324 name=RQ3B-1 state=RUNNING elapsed=20:23 limit=2:00:00 partition=h2gpu node=g025 reason=g025
[2026-09-21T13:15:28+10:00] STATUS group=2 models=Mistral completed=2021/2880 active_jobs=1
[2026-09-21T13:15:28+10:00] ACTIVE group=2 id=32693325 name=RQ3B-2 state=RUNNING elapsed=20:22 limit=2:00:00 partition=h2gpu node=g046 reason=g046
[2026-09-21T13:15:31+10:00] STATUS group=3 models=Llama3.1 DeepSeek completed=2880/5760 active_jobs=1
[2026-09-21T13:15:32+10:00] ACTIVE group=3 id=32693316 name=RQ3B-3 state=RUNNING elapsed=21:28 limit=2:00:00 partition=h2gpu node=g025 reason=g025
[2026-09-21T13:20:33+10:00] STATUS group=1 models=Gemma Qwen completed=2372/5760 active_jobs=1
[2026-09-21T13:20:33+10:00] ACTIVE group=1 id=32693324 name=RQ3B-1 state=RUNNING elapsed=25:30 limit=2:00:00 partition=h2gpu node=g025 reason=g025
[2026-09-21T13:20:36+10:00] STATUS group=2 models=Mistral completed=2038/2880 active_jobs=1
[2026-09-21T13:20:36+10:00] ACTIVE group=2 id=32693325 name=RQ3B-2 state=RUNNING elapsed=25:30 limit=2:00:00 partition=h2gpu node=g046 reason=g046
[2026-09-21T13:20:38+10:00] STATUS group=3 models=Llama3.1 DeepSeek completed=2880/5760 active_jobs=1
[2026-09-21T13:20:38+10:00] ACTIVE group=3 id=32693316 name=RQ3B-3 state=RUNNING elapsed=26:35 limit=2:00:00 partition=h2gpu node=g025 reason=g025
[2026-09-21T13:25:40+10:00] STATUS group=1 models=Gemma Qwen completed=2386/5760 active_jobs=1
[2026-09-21T13:25:40+10:00] ACTIVE group=1 id=32693324 name=RQ3B-1 state=RUNNING elapsed=30:37 limit=2:00:00 partition=h2gpu node=g025 reason=g025
[2026-09-21T13:25:42+10:00] STATUS group=2 models=Mistral completed=2056/2880 active_jobs=1
[2026-09-21T13:25:42+10:00] ACTIVE group=2 id=32693325 name=RQ3B-2 state=RUNNING elapsed=30:36 limit=2:00:00 partition=h2gpu node=g046 reason=g046
[2026-09-21T13:25:44+10:00] STATUS group=3 models=Llama3.1 DeepSeek completed=2880/5760 active_jobs=1
[2026-09-21T13:25:44+10:00] ACTIVE group=3 id=32693316 name=RQ3B-3 state=RUNNING elapsed=31:41 limit=2:00:00 partition=h2gpu node=g025 reason=g025
[2026-09-21T13:30:46+10:00] STATUS group=1 models=Gemma Qwen completed=2399/5760 active_jobs=1
[2026-09-21T13:30:46+10:00] ACTIVE group=1 id=32693324 name=RQ3B-1 state=RUNNING elapsed=35:43 limit=2:00:00 partition=h2gpu node=g025 reason=g025
[2026-09-21T13:30:47+10:00] STATUS group=2 models=Mistral completed=2075/2880 active_jobs=1
[2026-09-21T13:30:47+10:00] ACTIVE group=2 id=32693325 name=RQ3B-2 state=RUNNING elapsed=35:41 limit=2:00:00 partition=h2gpu node=g046 reason=g046
[2026-09-21T13:30:50+10:00] STATUS group=3 models=Llama3.1 DeepSeek completed=2880/5760 active_jobs=1
[2026-09-21T13:30:50+10:00] ACTIVE group=3 id=32693316 name=RQ3B-3 state=RUNNING elapsed=36:47 limit=2:00:00 partition=h2gpu node=g025 reason=g025
[2026-09-21T13:35:53+10:00] STATUS group=1 models=Gemma Qwen completed=2411/5760 active_jobs=1
[2026-09-21T13:35:53+10:00] ACTIVE group=1 id=32693324 name=RQ3B-1 state=RUNNING elapsed=40:50 limit=2:00:00 partition=h2gpu node=g025 reason=g025
[2026-09-21T13:35:54+10:00] STATUS group=2 models=Mistral completed=2095/2880 active_jobs=1
[2026-09-21T13:35:54+10:00] ACTIVE group=2 id=32693325 name=RQ3B-2 state=RUNNING elapsed=40:48 limit=2:00:00 partition=h2gpu node=g046 reason=g046
[2026-09-21T13:35:57+10:00] STATUS group=3 models=Llama3.1 DeepSeek completed=2880/5760 active_jobs=1
[2026-09-21T13:35:57+10:00] ACTIVE group=3 id=32693316 name=RQ3B-3 state=RUNNING elapsed=41:54 limit=2:00:00 partition=h2gpu node=g025 reason=g025
[2026-09-21T13:40:59+10:00] STATUS group=1 models=Gemma Qwen completed=2425/5760 active_jobs=1
[2026-09-21T13:40:59+10:00] ACTIVE group=1 id=32693324 name=RQ3B-1 state=RUNNING elapsed=45:56 limit=2:00:00 partition=h2gpu node=g025 reason=g025
[2026-09-21T13:41:01+10:00] STATUS group=2 models=Mistral completed=2115/2880 active_jobs=1
[2026-09-21T13:41:01+10:00] ACTIVE group=2 id=32693325 name=RQ3B-2 state=RUNNING elapsed=45:55 limit=2:00:00 partition=h2gpu node=g046 reason=g046
[2026-09-21T13:41:03+10:00] STATUS group=3 models=Llama3.1 DeepSeek completed=2880/5760 active_jobs=1
[2026-09-21T13:41:03+10:00] ACTIVE group=3 id=32693316 name=RQ3B-3 state=RUNNING elapsed=47:00 limit=2:00:00 partition=h2gpu node=g025 reason=g025
[2026-09-21T13:46:05+10:00] STATUS group=1 models=Gemma Qwen completed=2439/5760 active_jobs=1
[2026-09-21T13:46:05+10:00] ACTIVE group=1 id=32693324 name=RQ3B-1 state=RUNNING elapsed=51:02 limit=2:00:00 partition=h2gpu node=g025 reason=g025
[2026-09-21T13:46:07+10:00] STATUS group=2 models=Mistral completed=2133/2880 active_jobs=1
[2026-09-21T13:46:07+10:00] ACTIVE group=2 id=32693325 name=RQ3B-2 state=RUNNING elapsed=51:01 limit=2:00:00 partition=h2gpu node=g046 reason=g046
[2026-09-21T13:46:09+10:00] STATUS group=3 models=Llama3.1 DeepSeek completed=2880/5760 active_jobs=1
[2026-09-21T13:46:09+10:00] ACTIVE group=3 id=32693316 name=RQ3B-3 state=RUNNING elapsed=52:06 limit=2:00:00 partition=h2gpu node=g025 reason=g025
[2026-09-21T13:51:11+10:00] STATUS group=1 models=Gemma Qwen completed=2456/5760 active_jobs=1
[2026-09-21T13:51:11+10:00] ACTIVE group=1 id=32693324 name=RQ3B-1 state=RUNNING elapsed=56:08 limit=2:00:00 partition=h2gpu node=g025 reason=g025
[2026-09-21T13:51:15+10:00] STATUS group=2 models=Mistral completed=2152/2880 active_jobs=1
[2026-09-21T13:51:15+10:00] ACTIVE group=2 id=32693325 name=RQ3B-2 state=RUNNING elapsed=56:09 limit=2:00:00 partition=h2gpu node=g046 reason=g046
[2026-09-21T13:51:17+10:00] STATUS group=3 models=Llama3.1 DeepSeek completed=2880/5760 active_jobs=1
[2026-09-21T13:51:17+10:00] ACTIVE group=3 id=32693316 name=RQ3B-3 state=RUNNING elapsed=57:14 limit=2:00:00 partition=h2gpu node=g025 reason=g025
[2026-09-21T13:56:19+10:00] STATUS group=1 models=Gemma Qwen completed=2480/5760 active_jobs=1
[2026-09-21T13:56:19+10:00] ACTIVE group=1 id=32693324 name=RQ3B-1 state=RUNNING elapsed=1:01:16 limit=2:00:00 partition=h2gpu node=g025 reason=g025
[2026-09-21T13:56:20+10:00] STATUS group=2 models=Mistral completed=2171/2880 active_jobs=1
[2026-09-21T13:56:20+10:00] ACTIVE group=2 id=32693325 name=RQ3B-2 state=RUNNING elapsed=1:01:14 limit=2:00:00 partition=h2gpu node=g046 reason=g046
[2026-09-21T13:56:23+10:00] STATUS group=3 models=Llama3.1 DeepSeek completed=2880/5760 active_jobs=1
[2026-09-21T13:56:23+10:00] ACTIVE group=3 id=32693316 name=RQ3B-3 state=RUNNING elapsed=1:02:20 limit=2:00:00 partition=h2gpu node=g025 reason=g025
[2026-09-21T14:01:25+10:00] STATUS group=1 models=Gemma Qwen completed=2507/5760 active_jobs=1
[2026-09-21T14:01:25+10:00] ACTIVE group=1 id=32693324 name=RQ3B-1 state=RUNNING elapsed=1:06:22 limit=2:00:00 partition=h2gpu node=g025 reason=g025
[2026-09-21T14:01:27+10:00] STATUS group=2 models=Mistral completed=2192/2880 active_jobs=1
[2026-09-21T14:01:27+10:00] ACTIVE group=2 id=32693325 name=RQ3B-2 state=RUNNING elapsed=1:06:21 limit=2:00:00 partition=h2gpu node=g046 reason=g046
[2026-09-21T14:01:29+10:00] STATUS group=3 models=Llama3.1 DeepSeek completed=2880/5760 active_jobs=1
[2026-09-21T14:01:29+10:00] ACTIVE group=3 id=32693316 name=RQ3B-3 state=RUNNING elapsed=1:07:26 limit=2:00:00 partition=h2gpu node=g025 reason=g025
[2026-09-21T14:06:31+10:00] STATUS group=1 models=Gemma Qwen completed=2534/5760 active_jobs=1
[2026-09-21T14:06:31+10:00] ACTIVE group=1 id=32693324 name=RQ3B-1 state=RUNNING elapsed=1:11:28 limit=2:00:00 partition=h2gpu node=g025 reason=g025
[2026-09-21T14:06:33+10:00] STATUS group=2 models=Mistral completed=2213/2880 active_jobs=1
[2026-09-21T14:06:33+10:00] ACTIVE group=2 id=32693325 name=RQ3B-2 state=RUNNING elapsed=1:11:27 limit=2:00:00 partition=h2gpu node=g046 reason=g046
[2026-09-21T14:06:35+10:00] STATUS group=3 models=Llama3.1 DeepSeek completed=2880/5760 active_jobs=1
[2026-09-21T14:06:35+10:00] ACTIVE group=3 id=32693316 name=RQ3B-3 state=RUNNING elapsed=1:12:32 limit=2:00:00 partition=h2gpu node=g025 reason=g025
[2026-09-21T14:11:37+10:00] STATUS group=1 models=Gemma Qwen completed=2563/5760 active_jobs=1
[2026-09-21T14:11:37+10:00] ACTIVE group=1 id=32693324 name=RQ3B-1 state=RUNNING elapsed=1:16:34 limit=2:00:00 partition=h2gpu node=g025 reason=g025
[2026-09-21T14:11:39+10:00] STATUS group=2 models=Mistral completed=2234/2880 active_jobs=1
[2026-09-21T14:11:39+10:00] ACTIVE group=2 id=32693325 name=RQ3B-2 state=RUNNING elapsed=1:16:33 limit=2:00:00 partition=h2gpu node=g046 reason=g046
[2026-09-21T14:11:41+10:00] STATUS group=3 models=Llama3.1 DeepSeek completed=2880/5760 active_jobs=1
[2026-09-21T14:11:41+10:00] ACTIVE group=3 id=32693316 name=RQ3B-3 state=RUNNING elapsed=1:17:38 limit=2:00:00 partition=h2gpu node=g025 reason=g025
[2026-09-21T14:16:43+10:00] STATUS group=1 models=Gemma Qwen completed=2588/5760 active_jobs=1
[2026-09-21T14:16:43+10:00] ACTIVE group=1 id=32693324 name=RQ3B-1 state=RUNNING elapsed=1:21:40 limit=2:00:00 partition=h2gpu node=g025 reason=g025
[2026-09-21T14:16:45+10:00] STATUS group=2 models=Mistral completed=2250/2880 active_jobs=1
[2026-09-21T14:16:46+10:00] ACTIVE group=2 id=32693325 name=RQ3B-2 state=RUNNING elapsed=1:21:39 limit=2:00:00 partition=h2gpu node=g046 reason=g046
[2026-09-21T14:16:48+10:00] STATUS group=3 models=Llama3.1 DeepSeek completed=2880/5760 active_jobs=1
[2026-09-21T14:16:48+10:00] ACTIVE group=3 id=32693316 name=RQ3B-3 state=RUNNING elapsed=1:22:45 limit=2:00:00 partition=h2gpu node=g025 reason=g025
[2026-09-21T14:21:50+10:00] STATUS group=1 models=Gemma Qwen completed=2605/5760 active_jobs=1
[2026-09-21T14:21:50+10:00] ACTIVE group=1 id=32693324 name=RQ3B-1 state=RUNNING elapsed=1:26:47 limit=2:00:00 partition=h2gpu node=g025 reason=g025
[2026-09-21T14:21:51+10:00] STATUS group=2 models=Mistral completed=2269/2880 active_jobs=1
[2026-09-21T14:21:52+10:00] ACTIVE group=2 id=32693325 name=RQ3B-2 state=RUNNING elapsed=1:26:46 limit=2:00:00 partition=h2gpu node=g046 reason=g046
[2026-09-21T14:21:54+10:00] STATUS group=3 models=Llama3.1 DeepSeek completed=2880/5760 active_jobs=1
[2026-09-21T14:21:54+10:00] ACTIVE group=3 id=32693316 name=RQ3B-3 state=RUNNING elapsed=1:27:51 limit=2:00:00 partition=h2gpu node=g025 reason=g025
[2026-09-21T14:26:56+10:00] STATUS group=1 models=Gemma Qwen completed=2620/5760 active_jobs=1
[2026-09-21T14:26:56+10:00] ACTIVE group=1 id=32693324 name=RQ3B-1 state=RUNNING elapsed=1:31:53 limit=2:00:00 partition=h2gpu node=g025 reason=g025
[2026-09-21T14:26:57+10:00] STATUS group=2 models=Mistral completed=2289/2880 active_jobs=1
[2026-09-21T14:26:57+10:00] ACTIVE group=2 id=32693325 name=RQ3B-2 state=RUNNING elapsed=1:31:51 limit=2:00:00 partition=h2gpu node=g046 reason=g046
[2026-09-21T14:26:59+10:00] STATUS group=3 models=Llama3.1 DeepSeek completed=2880/5760 active_jobs=1
[2026-09-21T14:26:59+10:00] ACTIVE group=3 id=32693316 name=RQ3B-3 state=RUNNING elapsed=1:32:56 limit=2:00:00 partition=h2gpu node=g025 reason=g025
[2026-09-21T14:32:01+10:00] STATUS group=1 models=Gemma Qwen completed=2636/5760 active_jobs=1
[2026-09-21T14:32:01+10:00] ACTIVE group=1 id=32693324 name=RQ3B-1 state=RUNNING elapsed=1:36:58 limit=2:00:00 partition=h2gpu node=g025 reason=g025
[2026-09-21T14:32:03+10:00] STATUS group=2 models=Mistral completed=2311/2880 active_jobs=1
[2026-09-21T14:32:03+10:00] ACTIVE group=2 id=32693325 name=RQ3B-2 state=RUNNING elapsed=1:36:57 limit=2:00:00 partition=h2gpu node=g046 reason=g046
[2026-09-21T14:32:05+10:00] STATUS group=3 models=Llama3.1 DeepSeek completed=2880/5760 active_jobs=1
[2026-09-21T14:32:05+10:00] ACTIVE group=3 id=32693316 name=RQ3B-3 state=RUNNING elapsed=1:38:02 limit=2:00:00 partition=h2gpu node=g025 reason=g025
[2026-09-21T14:37:07+10:00] STATUS group=1 models=Gemma Qwen completed=2651/5760 active_jobs=1
[2026-09-21T14:37:07+10:00] ACTIVE group=1 id=32693324 name=RQ3B-1 state=RUNNING elapsed=1:42:04 limit=2:00:00 partition=h2gpu node=g025 reason=g025
[2026-09-21T14:37:10+10:00] STATUS group=2 models=Mistral completed=2337/2880 active_jobs=1
[2026-09-21T14:37:10+10:00] ACTIVE group=2 id=32693325 name=RQ3B-2 state=RUNNING elapsed=1:42:04 limit=2:00:00 partition=h2gpu node=g046 reason=g046
[2026-09-21T14:37:12+10:00] STATUS group=3 models=Llama3.1 DeepSeek completed=2880/5760 active_jobs=1
[2026-09-21T14:37:12+10:00] ACTIVE group=3 id=32693316 name=RQ3B-3 state=RUNNING elapsed=1:43:09 limit=2:00:00 partition=h2gpu node=g025 reason=g025
[2026-09-21T14:42:15+10:00] STATUS group=1 models=Gemma Qwen completed=2666/5760 active_jobs=1
[2026-09-21T14:42:15+10:00] ACTIVE group=1 id=32693324 name=RQ3B-1 state=RUNNING elapsed=1:47:12 limit=2:00:00 partition=h2gpu node=g025 reason=g025
[2026-09-21T14:42:18+10:00] STATUS group=2 models=Mistral completed=2363/2880 active_jobs=1
[2026-09-21T14:42:18+10:00] ACTIVE group=2 id=32693325 name=RQ3B-2 state=RUNNING elapsed=1:47:12 limit=2:00:00 partition=h2gpu node=g046 reason=g046
[2026-09-21T14:42:20+10:00] STATUS group=3 models=Llama3.1 DeepSeek completed=2880/5760 active_jobs=1
[2026-09-21T14:42:20+10:00] ACTIVE group=3 id=32693316 name=RQ3B-3 state=RUNNING elapsed=1:48:17 limit=2:00:00 partition=h2gpu node=g025 reason=g025
[2026-09-21T14:47:23+10:00] STATUS group=1 models=Gemma Qwen completed=2681/5760 active_jobs=1
[2026-09-21T14:47:23+10:00] ACTIVE group=1 id=32693324 name=RQ3B-1 state=RUNNING elapsed=1:52:20 limit=2:00:00 partition=h2gpu node=g025 reason=g025
[2026-09-21T14:47:26+10:00] STATUS group=2 models=Mistral completed=2389/2880 active_jobs=1
[2026-09-21T14:47:26+10:00] ACTIVE group=2 id=32693325 name=RQ3B-2 state=RUNNING elapsed=1:52:20 limit=2:00:00 partition=h2gpu node=g046 reason=g046
[2026-09-21T14:47:28+10:00] STATUS group=3 models=Llama3.1 DeepSeek completed=2880/5760 active_jobs=1
[2026-09-21T14:47:28+10:00] ACTIVE group=3 id=32693316 name=RQ3B-3 state=RUNNING elapsed=1:53:25 limit=2:00:00 partition=h2gpu node=g025 reason=g025
[2026-09-21T14:52:33+10:00] STATUS group=1 models=Gemma Qwen completed=2696/5760 active_jobs=1
[2026-09-21T14:52:33+10:00] ACTIVE group=1 id=32693324 name=RQ3B-1 state=RUNNING elapsed=1:57:30 limit=2:00:00 partition=h2gpu node=g025 reason=g025
[2026-09-21T14:52:35+10:00] STATUS group=2 models=Mistral completed=2415/2880 active_jobs=1
[2026-09-21T14:52:35+10:00] ACTIVE group=2 id=32693325 name=RQ3B-2 state=RUNNING elapsed=1:57:29 limit=2:00:00 partition=h2gpu node=g046 reason=g046
[2026-09-21T14:52:39+10:00] STATUS group=3 models=Llama3.1 DeepSeek completed=2880/5760 active_jobs=1
[2026-09-21T14:52:39+10:00] ACTIVE group=3 id=32693316 name=RQ3B-3 state=RUNNING elapsed=1:58:36 limit=2:00:00 partition=h2gpu node=g025 reason=g025
[2026-09-21T14:57:41+10:00] STATUS group=1 models=Gemma Qwen completed=2704/5760 active_jobs=0
[2026-09-21T14:57:41+10:00] ACTIVE group=1 none
[2026-09-21T14:57:41+10:00] SUBMIT group=1 job=RQ3B-1 id=32708474
[2026-09-21T14:57:43+10:00] STATUS group=2 models=Mistral completed=2428/2880 active_jobs=0
[2026-09-21T14:57:43+10:00] ACTIVE group=2 none
[2026-09-21T14:57:43+10:00] SUBMIT group=2 job=RQ3B-2 id=32708477
[2026-09-21T14:57:46+10:00] STATUS group=3 models=Llama3.1 DeepSeek completed=2880/5760 active_jobs=0
[2026-09-21T14:57:46+10:00] ACTIVE group=3 none
[2026-09-21T14:57:46+10:00] SUBMIT group=3 job=RQ3B-3 id=32708480
[2026-09-21T15:02:48+10:00] STATUS group=1 models=Gemma Qwen completed=2714/5760 active_jobs=1
[2026-09-21T15:02:48+10:00] ACTIVE group=1 id=32708474 name=RQ3B-1 state=RUNNING elapsed=5:06 limit=2:00:00 partition=h2gpu node=g025 reason=g025
[2026-09-21T15:02:49+10:00] STATUS group=2 models=Mistral completed=2444/2880 active_jobs=1
[2026-09-21T15:02:50+10:00] ACTIVE group=2 id=32708477 name=RQ3B-2 state=RUNNING elapsed=5:04 limit=2:00:00 partition=h2gpu node=g025 reason=g025
[2026-09-21T15:02:52+10:00] STATUS group=3 models=Llama3.1 DeepSeek completed=2880/5760 active_jobs=1
[2026-09-21T15:02:52+10:00] ACTIVE group=3 id=32708480 name=RQ3B-3 state=RUNNING elapsed=5:06 limit=2:00:00 partition=h2gpu node=g001 reason=g001
[2026-09-21T15:07:54+10:00] STATUS group=1 models=Gemma Qwen completed=2728/5760 active_jobs=1
[2026-09-21T15:07:54+10:00] ACTIVE group=1 id=32708474 name=RQ3B-1 state=RUNNING elapsed=10:12 limit=2:00:00 partition=h2gpu node=g025 reason=g025
[2026-09-21T15:07:55+10:00] STATUS group=2 models=Mistral completed=2457/2880 active_jobs=1
[2026-09-21T15:07:56+10:00] ACTIVE group=2 id=32708477 name=RQ3B-2 state=RUNNING elapsed=10:11 limit=2:00:00 partition=h2gpu node=g025 reason=g025
[2026-09-21T15:07:58+10:00] STATUS group=3 models=Llama3.1 DeepSeek completed=2880/5760 active_jobs=1
[2026-09-21T15:07:58+10:00] ACTIVE group=3 id=32708480 name=RQ3B-3 state=RUNNING elapsed=10:12 limit=2:00:00 partition=h2gpu node=g001 reason=g001
[2026-09-21T15:13:00+10:00] STATUS group=1 models=Gemma Qwen completed=2745/5760 active_jobs=1
[2026-09-21T15:13:00+10:00] ACTIVE group=1 id=32708474 name=RQ3B-1 state=RUNNING elapsed=15:18 limit=2:00:00 partition=h2gpu node=g025 reason=g025
[2026-09-21T15:13:02+10:00] STATUS group=2 models=Mistral completed=2472/2880 active_jobs=1
[2026-09-21T15:13:02+10:00] ACTIVE group=2 id=32708477 name=RQ3B-2 state=RUNNING elapsed=15:17 limit=2:00:00 partition=h2gpu node=g025 reason=g025
[2026-09-21T15:13:04+10:00] STATUS group=3 models=Llama3.1 DeepSeek completed=2880/5760 active_jobs=1
[2026-09-21T15:13:04+10:00] ACTIVE group=3 id=32708480 name=RQ3B-3 state=RUNNING elapsed=15:18 limit=2:00:00 partition=h2gpu node=g001 reason=g001
[2026-09-21T15:18:06+10:00] STATUS group=1 models=Gemma Qwen completed=2767/5760 active_jobs=1
[2026-09-21T15:18:06+10:00] ACTIVE group=1 id=32708474 name=RQ3B-1 state=RUNNING elapsed=20:24 limit=2:00:00 partition=h2gpu node=g025 reason=g025
[2026-09-21T15:18:08+10:00] STATUS group=2 models=Mistral completed=2487/2880 active_jobs=1
[2026-09-21T15:18:08+10:00] ACTIVE group=2 id=32708477 name=RQ3B-2 state=RUNNING elapsed=20:23 limit=2:00:00 partition=h2gpu node=g025 reason=g025
[2026-09-21T15:18:11+10:00] STATUS group=3 models=Llama3.1 DeepSeek completed=2880/5760 active_jobs=1
[2026-09-21T15:18:11+10:00] ACTIVE group=3 id=32708480 name=RQ3B-3 state=RUNNING elapsed=20:25 limit=2:00:00 partition=h2gpu node=g001 reason=g001
[2026-09-21T15:23:13+10:00] STATUS group=1 models=Gemma Qwen completed=2789/5760 active_jobs=1
[2026-09-21T15:23:13+10:00] ACTIVE group=1 id=32708474 name=RQ3B-1 state=RUNNING elapsed=25:31 limit=2:00:00 partition=h2gpu node=g025 reason=g025
[2026-09-21T15:23:15+10:00] STATUS group=2 models=Mistral completed=2503/2880 active_jobs=1
[2026-09-21T15:23:15+10:00] ACTIVE group=2 id=32708477 name=RQ3B-2 state=RUNNING elapsed=25:30 limit=2:00:00 partition=h2gpu node=g025 reason=g025
[2026-09-21T15:23:17+10:00] STATUS group=3 models=Llama3.1 DeepSeek completed=2880/5760 active_jobs=1
[2026-09-21T15:23:17+10:00] ACTIVE group=3 id=32708480 name=RQ3B-3 state=RUNNING elapsed=25:31 limit=2:00:00 partition=h2gpu node=g001 reason=g001
[2026-09-21T15:28:20+10:00] STATUS group=1 models=Gemma Qwen completed=2807/5760 active_jobs=1
[2026-09-21T15:28:20+10:00] ACTIVE group=1 id=32708474 name=RQ3B-1 state=RUNNING elapsed=30:38 limit=2:00:00 partition=h2gpu node=g025 reason=g025
[2026-09-21T15:28:22+10:00] STATUS group=2 models=Mistral completed=2519/2880 active_jobs=1
[2026-09-21T15:28:22+10:00] ACTIVE group=2 id=32708477 name=RQ3B-2 state=RUNNING elapsed=30:37 limit=2:00:00 partition=h2gpu node=g025 reason=g025
[2026-09-21T15:28:24+10:00] STATUS group=3 models=Llama3.1 DeepSeek completed=2880/5760 active_jobs=1
[2026-09-21T15:28:24+10:00] ACTIVE group=3 id=32708480 name=RQ3B-3 state=RUNNING elapsed=30:38 limit=2:00:00 partition=h2gpu node=g001 reason=g001
[2026-09-21T15:33:27+10:00] STATUS group=1 models=Gemma Qwen completed=2826/5760 active_jobs=1
[2026-09-21T15:33:27+10:00] ACTIVE group=1 id=32708474 name=RQ3B-1 state=RUNNING elapsed=35:45 limit=2:00:00 partition=h2gpu node=g025 reason=g025
[2026-09-21T15:33:28+10:00] STATUS group=2 models=Mistral completed=2536/2880 active_jobs=1
[2026-09-21T15:33:28+10:00] ACTIVE group=2 id=32708477 name=RQ3B-2 state=RUNNING elapsed=35:43 limit=2:00:00 partition=h2gpu node=g025 reason=g025
[2026-09-21T15:33:31+10:00] STATUS group=3 models=Llama3.1 DeepSeek completed=2880/5760 active_jobs=1
[2026-09-21T15:33:31+10:00] ACTIVE group=3 id=32708480 name=RQ3B-3 state=RUNNING elapsed=35:45 limit=2:00:00 partition=h2gpu node=g001 reason=g001
[2026-09-21T15:38:33+10:00] STATUS group=1 models=Gemma Qwen completed=2846/5760 active_jobs=1
[2026-09-21T15:38:33+10:00] ACTIVE group=1 id=32708474 name=RQ3B-1 state=RUNNING elapsed=40:51 limit=2:00:00 partition=h2gpu node=g025 reason=g025
[2026-09-21T15:38:35+10:00] STATUS group=2 models=Mistral completed=2553/2880 active_jobs=1
[2026-09-21T15:38:35+10:00] ACTIVE group=2 id=32708477 name=RQ3B-2 state=RUNNING elapsed=40:50 limit=2:00:00 partition=h2gpu node=g025 reason=g025
[2026-09-21T15:38:38+10:00] STATUS group=3 models=Llama3.1 DeepSeek completed=2880/5760 active_jobs=1
[2026-09-21T15:38:38+10:00] ACTIVE group=3 id=32708480 name=RQ3B-3 state=RUNNING elapsed=40:52 limit=2:00:00 partition=h2gpu node=g001 reason=g001
[2026-09-21T15:43:42+10:00] STATUS group=1 models=Gemma Qwen completed=2866/5760 active_jobs=1
[2026-09-21T15:43:42+10:00] ACTIVE group=1 id=32708474 name=RQ3B-1 state=RUNNING elapsed=46:00 limit=2:00:00 partition=h2gpu node=g025 reason=g025
[2026-09-21T15:43:44+10:00] STATUS group=2 models=Mistral completed=2569/2880 active_jobs=1
[2026-09-21T15:43:44+10:00] ACTIVE group=2 id=32708477 name=RQ3B-2 state=RUNNING elapsed=45:59 limit=2:00:00 partition=h2gpu node=g025 reason=g025
[2026-09-21T15:43:46+10:00] STATUS group=3 models=Llama3.1 DeepSeek completed=2880/5760 active_jobs=1
[2026-09-21T15:43:46+10:00] ACTIVE group=3 id=32708480 name=RQ3B-3 state=RUNNING elapsed=46:00 limit=2:00:00 partition=h2gpu node=g001 reason=g001
[2026-09-21T15:48:49+10:00] STATUS group=1 models=Gemma Qwen completed=2884/5760 active_jobs=1
[2026-09-21T15:48:49+10:00] ACTIVE group=1 id=32708474 name=RQ3B-1 state=RUNNING elapsed=51:07 limit=2:00:00 partition=h2gpu node=g025 reason=g025
[2026-09-21T15:48:51+10:00] STATUS group=2 models=Mistral completed=2585/2880 active_jobs=1
[2026-09-21T15:48:51+10:00] ACTIVE group=2 id=32708477 name=RQ3B-2 state=RUNNING elapsed=51:06 limit=2:00:00 partition=h2gpu node=g025 reason=g025
[2026-09-21T15:48:53+10:00] STATUS group=3 models=Llama3.1 DeepSeek completed=2880/5760 active_jobs=1
[2026-09-21T15:48:53+10:00] ACTIVE group=3 id=32708480 name=RQ3B-3 state=RUNNING elapsed=51:07 limit=2:00:00 partition=h2gpu node=g001 reason=g001
[2026-09-21T15:53:55+10:00] STATUS group=1 models=Gemma Qwen completed=2950/5760 active_jobs=1
[2026-09-21T15:53:55+10:00] ACTIVE group=1 id=32708474 name=RQ3B-1 state=RUNNING elapsed=56:13 limit=2:00:00 partition=h2gpu node=g025 reason=g025
[2026-09-21T15:53:57+10:00] STATUS group=2 models=Mistral completed=2599/2880 active_jobs=1
[2026-09-21T15:53:58+10:00] ACTIVE group=2 id=32708477 name=RQ3B-2 state=RUNNING elapsed=56:12 limit=2:00:00 partition=h2gpu node=g025 reason=g025
[2026-09-21T15:54:00+10:00] STATUS group=3 models=Llama3.1 DeepSeek completed=2880/5760 active_jobs=1
[2026-09-21T15:54:00+10:00] ACTIVE group=3 id=32708480 name=RQ3B-3 state=RUNNING elapsed=56:14 limit=2:00:00 partition=h2gpu node=g001 reason=g001
[2026-09-21T15:59:02+10:00] STATUS group=1 models=Gemma Qwen completed=3029/5760 active_jobs=1
[2026-09-21T15:59:02+10:00] ACTIVE group=1 id=32708474 name=RQ3B-1 state=RUNNING elapsed=1:01:20 limit=2:00:00 partition=h2gpu node=g025 reason=g025
[2026-09-21T15:59:05+10:00] STATUS group=2 models=Mistral completed=2613/2880 active_jobs=1
[2026-09-21T15:59:05+10:00] ACTIVE group=2 id=32708477 name=RQ3B-2 state=RUNNING elapsed=1:01:20 limit=2:00:00 partition=h2gpu node=g025 reason=g025
[2026-09-21T15:59:07+10:00] STATUS group=3 models=Llama3.1 DeepSeek completed=2880/5760 active_jobs=1
[2026-09-21T15:59:07+10:00] ACTIVE group=3 id=32708480 name=RQ3B-3 state=RUNNING elapsed=1:01:21 limit=2:00:00 partition=h2gpu node=g001 reason=g001
[2026-09-21T16:04:09+10:00] STATUS group=1 models=Gemma Qwen completed=3058/5760 active_jobs=1
[2026-09-21T16:04:09+10:00] ACTIVE group=1 id=32708474 name=RQ3B-1 state=RUNNING elapsed=1:06:27 limit=2:00:00 partition=h2gpu node=g025 reason=g025
[2026-09-21T16:04:11+10:00] STATUS group=2 models=Mistral completed=2627/2880 active_jobs=1
[2026-09-21T16:04:11+10:00] ACTIVE group=2 id=32708477 name=RQ3B-2 state=RUNNING elapsed=1:06:26 limit=2:00:00 partition=h2gpu node=g025 reason=g025
[2026-09-21T16:04:13+10:00] STATUS group=3 models=Llama3.1 DeepSeek completed=2880/5760 active_jobs=1
[2026-09-21T16:04:13+10:00] ACTIVE group=3 id=32708480 name=RQ3B-3 state=RUNNING elapsed=1:06:27 limit=2:00:00 partition=h2gpu node=g001 reason=g001
[2026-09-21T16:09:17+10:00] STATUS group=1 models=Gemma Qwen completed=3096/5760 active_jobs=1
[2026-09-21T16:09:17+10:00] ACTIVE group=1 id=32708474 name=RQ3B-1 state=RUNNING elapsed=1:11:35 limit=2:00:00 partition=h2gpu node=g025 reason=g025
[2026-09-21T16:09:19+10:00] STATUS group=2 models=Mistral completed=2640/2880 active_jobs=1
[2026-09-21T16:09:20+10:00] ACTIVE group=2 id=32708477 name=RQ3B-2 state=RUNNING elapsed=1:11:34 limit=2:00:00 partition=h2gpu node=g025 reason=g025
[2026-09-21T16:09:21+10:00] STATUS group=3 models=Llama3.1 DeepSeek completed=2880/5760 active_jobs=1
[2026-09-21T16:09:21+10:00] ACTIVE group=3 id=32708480 name=RQ3B-3 state=RUNNING elapsed=1:11:35 limit=2:00:00 partition=h2gpu node=g001 reason=g001
[2026-09-21T16:14:24+10:00] STATUS group=1 models=Gemma Qwen completed=3135/5760 active_jobs=1
[2026-09-21T16:14:24+10:00] ACTIVE group=1 id=32708474 name=RQ3B-1 state=RUNNING elapsed=1:16:42 limit=2:00:00 partition=h2gpu node=g025 reason=g025
[2026-09-21T16:14:25+10:00] STATUS group=2 models=Mistral completed=2655/2880 active_jobs=1
[2026-09-21T16:14:25+10:00] ACTIVE group=2 id=32708477 name=RQ3B-2 state=RUNNING elapsed=1:16:40 limit=2:00:00 partition=h2gpu node=g025 reason=g025
[2026-09-21T16:14:28+10:00] STATUS group=3 models=Llama3.1 DeepSeek completed=2880/5760 active_jobs=1
[2026-09-21T16:14:28+10:00] ACTIVE group=3 id=32708480 name=RQ3B-3 state=RUNNING elapsed=1:16:42 limit=2:00:00 partition=h2gpu node=g001 reason=g001
[2026-09-21T16:19:30+10:00] STATUS group=1 models=Gemma Qwen completed=3167/5760 active_jobs=1
[2026-09-21T16:19:30+10:00] ACTIVE group=1 id=32708474 name=RQ3B-1 state=RUNNING elapsed=1:21:48 limit=2:00:00 partition=h2gpu node=g025 reason=g025
[2026-09-21T16:19:32+10:00] STATUS group=2 models=Mistral completed=2670/2880 active_jobs=1
[2026-09-21T16:19:32+10:00] ACTIVE group=2 id=32708477 name=RQ3B-2 state=RUNNING elapsed=1:21:47 limit=2:00:00 partition=h2gpu node=g025 reason=g025
[2026-09-21T16:19:34+10:00] STATUS group=3 models=Llama3.1 DeepSeek completed=2880/5760 active_jobs=1
[2026-09-21T16:19:34+10:00] ACTIVE group=3 id=32708480 name=RQ3B-3 state=RUNNING elapsed=1:21:48 limit=2:00:00 partition=h2gpu node=g001 reason=g001
[2026-09-21T16:24:37+10:00] STATUS group=1 models=Gemma Qwen completed=3188/5760 active_jobs=1
[2026-09-21T16:24:37+10:00] ACTIVE group=1 id=32708474 name=RQ3B-1 state=RUNNING elapsed=1:26:55 limit=2:00:00 partition=h2gpu node=g025 reason=g025
[2026-09-21T16:24:39+10:00] STATUS group=2 models=Mistral completed=2685/2880 active_jobs=1
[2026-09-21T16:24:39+10:00] ACTIVE group=2 id=32708477 name=RQ3B-2 state=RUNNING elapsed=1:26:54 limit=2:00:00 partition=h2gpu node=g025 reason=g025
[2026-09-21T16:24:41+10:00] STATUS group=3 models=Llama3.1 DeepSeek completed=2880/5760 active_jobs=1
[2026-09-21T16:24:41+10:00] ACTIVE group=3 id=32708480 name=RQ3B-3 state=RUNNING elapsed=1:26:55 limit=2:00:00 partition=h2gpu node=g001 reason=g001
[2026-09-21T16:29:43+10:00] STATUS group=1 models=Gemma Qwen completed=3212/5760 active_jobs=1
[2026-09-21T16:29:43+10:00] ACTIVE group=1 id=32708474 name=RQ3B-1 state=RUNNING elapsed=1:32:01 limit=2:00:00 partition=h2gpu node=g025 reason=g025
[2026-09-21T16:29:45+10:00] STATUS group=2 models=Mistral completed=2701/2880 active_jobs=1
[2026-09-21T16:29:45+10:00] ACTIVE group=2 id=32708477 name=RQ3B-2 state=RUNNING elapsed=1:32:00 limit=2:00:00 partition=h2gpu node=g025 reason=g025
[2026-09-21T16:29:47+10:00] STATUS group=3 models=Llama3.1 DeepSeek completed=2880/5760 active_jobs=1
[2026-09-21T16:29:47+10:00] ACTIVE group=3 id=32708480 name=RQ3B-3 state=RUNNING elapsed=1:32:01 limit=2:00:00 partition=h2gpu node=g001 reason=g001
[2026-09-21T16:34:49+10:00] STATUS group=1 models=Gemma Qwen completed=3223/5760 active_jobs=1
[2026-09-21T16:34:49+10:00] ACTIVE group=1 id=32708474 name=RQ3B-1 state=RUNNING elapsed=1:37:07 limit=2:00:00 partition=h2gpu node=g025 reason=g025
[2026-09-21T16:34:51+10:00] STATUS group=2 models=Mistral completed=2716/2880 active_jobs=1
[2026-09-21T16:34:51+10:00] ACTIVE group=2 id=32708477 name=RQ3B-2 state=RUNNING elapsed=1:37:06 limit=2:00:00 partition=h2gpu node=g025 reason=g025
[2026-09-21T16:34:53+10:00] STATUS group=3 models=Llama3.1 DeepSeek completed=2880/5760 active_jobs=1
[2026-09-21T16:34:53+10:00] ACTIVE group=3 id=32708480 name=RQ3B-3 state=RUNNING elapsed=1:37:07 limit=2:00:00 partition=h2gpu node=g001 reason=g001
[2026-09-21T16:39:57+10:00] STATUS group=1 models=Gemma Qwen completed=3235/5760 active_jobs=1
[2026-09-21T16:39:57+10:00] ACTIVE group=1 id=32708474 name=RQ3B-1 state=RUNNING elapsed=1:42:15 limit=2:00:00 partition=h2gpu node=g025 reason=g025
[2026-09-21T16:39:59+10:00] STATUS group=2 models=Mistral completed=2731/2880 active_jobs=1
[2026-09-21T16:39:59+10:00] ACTIVE group=2 id=32708477 name=RQ3B-2 state=RUNNING elapsed=1:42:14 limit=2:00:00 partition=h2gpu node=g025 reason=g025
[2026-09-21T16:40:01+10:00] STATUS group=3 models=Llama3.1 DeepSeek completed=2880/5760 active_jobs=1
[2026-09-21T16:40:01+10:00] ACTIVE group=3 id=32708480 name=RQ3B-3 state=RUNNING elapsed=1:42:15 limit=2:00:00 partition=h2gpu node=g001 reason=g001
[2026-09-21T16:45:03+10:00] STATUS group=1 models=Gemma Qwen completed=3246/5760 active_jobs=1
[2026-09-21T16:45:03+10:00] ACTIVE group=1 id=32708474 name=RQ3B-1 state=RUNNING elapsed=1:47:21 limit=2:00:00 partition=h2gpu node=g025 reason=g025
[2026-09-21T16:45:05+10:00] STATUS group=2 models=Mistral completed=2745/2880 active_jobs=1
[2026-09-21T16:45:05+10:00] ACTIVE group=2 id=32708477 name=RQ3B-2 state=RUNNING elapsed=1:47:20 limit=2:00:00 partition=h2gpu node=g025 reason=g025
[2026-09-21T16:45:07+10:00] STATUS group=3 models=Llama3.1 DeepSeek completed=2880/5760 active_jobs=1
[2026-09-21T16:45:07+10:00] ACTIVE group=3 id=32708480 name=RQ3B-3 state=RUNNING elapsed=1:47:21 limit=2:00:00 partition=h2gpu node=g001 reason=g001
[2026-09-21T16:50:10+10:00] STATUS group=1 models=Gemma Qwen completed=3256/5760 active_jobs=1
[2026-09-21T16:50:10+10:00] ACTIVE group=1 id=32708474 name=RQ3B-1 state=RUNNING elapsed=1:52:28 limit=2:00:00 partition=h2gpu node=g025 reason=g025
[2026-09-21T16:50:12+10:00] STATUS group=2 models=Mistral completed=2759/2880 active_jobs=1
[2026-09-21T16:50:12+10:00] ACTIVE group=2 id=32708477 name=RQ3B-2 state=RUNNING elapsed=1:52:27 limit=2:00:00 partition=h2gpu node=g025 reason=g025
[2026-09-21T16:50:14+10:00] STATUS group=3 models=Llama3.1 DeepSeek completed=2880/5760 active_jobs=1
[2026-09-21T16:50:14+10:00] ACTIVE group=3 id=32708480 name=RQ3B-3 state=RUNNING elapsed=1:52:28 limit=2:00:00 partition=h2gpu node=g001 reason=g001
[2026-09-21T16:55:16+10:00] STATUS group=1 models=Gemma Qwen completed=3272/5760 active_jobs=1
[2026-09-21T16:55:16+10:00] ACTIVE group=1 id=32708474 name=RQ3B-1 state=RUNNING elapsed=1:57:34 limit=2:00:00 partition=h2gpu node=g025 reason=g025
[2026-09-21T16:55:18+10:00] STATUS group=2 models=Mistral completed=2772/2880 active_jobs=1
[2026-09-21T16:55:18+10:00] ACTIVE group=2 id=32708477 name=RQ3B-2 state=RUNNING elapsed=1:57:33 limit=2:00:00 partition=h2gpu node=g025 reason=g025
[2026-09-21T16:55:20+10:00] STATUS group=3 models=Llama3.1 DeepSeek completed=2880/5760 active_jobs=1
[2026-09-21T16:55:20+10:00] ACTIVE group=3 id=32708480 name=RQ3B-3 state=RUNNING elapsed=1:57:34 limit=2:00:00 partition=h2gpu node=g001 reason=g001
[2026-09-21T17:00:23+10:00] STATUS group=1 models=Gemma Qwen completed=3279/5760 active_jobs=0
[2026-09-21T17:00:23+10:00] ACTIVE group=1 none
[2026-09-21T17:00:23+10:00] SUBMIT group=1 job=RQ3B-1 id=32720169
[2026-09-21T17:00:25+10:00] STATUS group=2 models=Mistral completed=2779/2880 active_jobs=0
[2026-09-21T17:00:25+10:00] ACTIVE group=2 none
[2026-09-21T17:00:25+10:00] SUBMIT group=2 job=RQ3B-2 id=32720171
[2026-09-21T17:00:27+10:00] STATUS group=3 models=Llama3.1 DeepSeek completed=2880/5760 active_jobs=0
[2026-09-21T17:00:27+10:00] ACTIVE group=3 none
[2026-09-21T17:00:27+10:00] SUBMIT group=3 job=RQ3B-3 id=32720172
[2026-09-21T17:05:29+10:00] STATUS group=1 models=Gemma Qwen completed=3282/5760 active_jobs=1
[2026-09-21T17:05:29+10:00] ACTIVE group=1 id=32720169 name=RQ3B-1 state=RUNNING elapsed=5:05 limit=2:00:00 partition=h2gpu node=g025 reason=g025
[2026-09-21T17:05:31+10:00] STATUS group=2 models=Mistral completed=2786/2880 active_jobs=1
[2026-09-21T17:05:31+10:00] ACTIVE group=2 id=32720171 name=RQ3B-2 state=RUNNING elapsed=5:06 limit=2:00:00 partition=h2gpu node=g025 reason=g025
[2026-09-21T17:05:33+10:00] STATUS group=3 models=Llama3.1 DeepSeek completed=2880/5760 active_jobs=1
[2026-09-21T17:05:33+10:00] ACTIVE group=3 id=32720172 name=RQ3B-3 state=RUNNING elapsed=5:03 limit=2:00:00 partition=h2gpu node=g019 reason=g019
[2026-09-21T17:10:35+10:00] STATUS group=1 models=Gemma Qwen completed=3295/5760 active_jobs=1
[2026-09-21T17:10:35+10:00] ACTIVE group=1 id=32720169 name=RQ3B-1 state=RUNNING elapsed=10:11 limit=2:00:00 partition=h2gpu node=g025 reason=g025
[2026-09-21T17:10:37+10:00] STATUS group=2 models=Mistral completed=2798/2880 active_jobs=1
[2026-09-21T17:10:37+10:00] ACTIVE group=2 id=32720171 name=RQ3B-2 state=RUNNING elapsed=10:12 limit=2:00:00 partition=h2gpu node=g025 reason=g025
[2026-09-21T17:10:39+10:00] STATUS group=3 models=Llama3.1 DeepSeek completed=2880/5760 active_jobs=1
[2026-09-21T17:10:39+10:00] ACTIVE group=3 id=32720172 name=RQ3B-3 state=RUNNING elapsed=10:09 limit=2:00:00 partition=h2gpu node=g019 reason=g019
[2026-09-21T17:15:42+10:00] STATUS group=1 models=Gemma Qwen completed=3310/5760 active_jobs=1
[2026-09-21T17:15:42+10:00] ACTIVE group=1 id=32720169 name=RQ3B-1 state=RUNNING elapsed=15:18 limit=2:00:00 partition=h2gpu node=g025 reason=g025
[2026-09-21T17:15:43+10:00] STATUS group=2 models=Mistral completed=2809/2880 active_jobs=1
[2026-09-21T17:15:44+10:00] ACTIVE group=2 id=32720171 name=RQ3B-2 state=RUNNING elapsed=15:19 limit=2:00:00 partition=h2gpu node=g025 reason=g025
[2026-09-21T17:15:45+10:00] STATUS group=3 models=Llama3.1 DeepSeek completed=2880/5760 active_jobs=1
[2026-09-21T17:15:45+10:00] ACTIVE group=3 id=32720172 name=RQ3B-3 state=RUNNING elapsed=15:15 limit=2:00:00 partition=h2gpu node=g019 reason=g019
[2026-09-21T17:20:48+10:00] STATUS group=1 models=Gemma Qwen completed=3332/5760 active_jobs=1
[2026-09-21T17:20:48+10:00] ACTIVE group=1 id=32720169 name=RQ3B-1 state=RUNNING elapsed=20:24 limit=2:00:00 partition=h2gpu node=g025 reason=g025
[2026-09-21T17:20:50+10:00] STATUS group=2 models=Mistral completed=2821/2880 active_jobs=1
[2026-09-21T17:20:50+10:00] ACTIVE group=2 id=32720171 name=RQ3B-2 state=RUNNING elapsed=20:25 limit=2:00:00 partition=h2gpu node=g025 reason=g025
[2026-09-21T17:20:52+10:00] STATUS group=3 models=Llama3.1 DeepSeek completed=2880/5760 active_jobs=1
[2026-09-21T17:20:52+10:00] ACTIVE group=3 id=32720172 name=RQ3B-3 state=RUNNING elapsed=20:22 limit=2:00:00 partition=h2gpu node=g019 reason=g019
[2026-09-21T17:25:54+10:00] STATUS group=1 models=Gemma Qwen completed=3357/5760 active_jobs=1
[2026-09-21T17:25:54+10:00] ACTIVE group=1 id=32720169 name=RQ3B-1 state=RUNNING elapsed=25:30 limit=2:00:00 partition=h2gpu node=g025 reason=g025
[2026-09-21T17:25:56+10:00] STATUS group=2 models=Mistral completed=2833/2880 active_jobs=1
[2026-09-21T17:25:57+10:00] ACTIVE group=2 id=32720171 name=RQ3B-2 state=RUNNING elapsed=25:32 limit=2:00:00 partition=h2gpu node=g025 reason=g025
[2026-09-21T17:25:58+10:00] STATUS group=3 models=Llama3.1 DeepSeek completed=2880/5760 active_jobs=1
[2026-09-21T17:25:58+10:00] ACTIVE group=3 id=32720172 name=RQ3B-3 state=RUNNING elapsed=25:28 limit=2:00:00 partition=h2gpu node=g019 reason=g019
[2026-09-21T17:31:01+10:00] STATUS group=1 models=Gemma Qwen completed=3374/5760 active_jobs=1
[2026-09-21T17:31:01+10:00] ACTIVE group=1 id=32720169 name=RQ3B-1 state=RUNNING elapsed=30:37 limit=2:00:00 partition=h2gpu node=g025 reason=g025
[2026-09-21T17:31:03+10:00] STATUS group=2 models=Mistral completed=2846/2880 active_jobs=1
[2026-09-21T17:31:03+10:00] ACTIVE group=2 id=32720171 name=RQ3B-2 state=RUNNING elapsed=30:38 limit=2:00:00 partition=h2gpu node=g025 reason=g025
[2026-09-21T17:31:05+10:00] STATUS group=3 models=Llama3.1 DeepSeek completed=2880/5760 active_jobs=1
[2026-09-21T17:31:05+10:00] ACTIVE group=3 id=32720172 name=RQ3B-3 state=RUNNING elapsed=30:35 limit=2:00:00 partition=h2gpu node=g019 reason=g019
[2026-09-21T17:36:08+10:00] STATUS group=1 models=Gemma Qwen completed=3391/5760 active_jobs=1
[2026-09-21T17:36:08+10:00] ACTIVE group=1 id=32720169 name=RQ3B-1 state=RUNNING elapsed=35:44 limit=2:00:00 partition=h2gpu node=g025 reason=g025
[2026-09-21T17:36:10+10:00] STATUS group=2 models=Mistral completed=2858/2880 active_jobs=1
[2026-09-21T17:36:10+10:00] ACTIVE group=2 id=32720171 name=RQ3B-2 state=RUNNING elapsed=35:45 limit=2:00:00 partition=h2gpu node=g025 reason=g025
[2026-09-21T17:36:13+10:00] STATUS group=3 models=Llama3.1 DeepSeek completed=2880/5760 active_jobs=1
[2026-09-21T17:36:13+10:00] ACTIVE group=3 id=32720172 name=RQ3B-3 state=RUNNING elapsed=35:43 limit=2:00:00 partition=h2gpu node=g019 reason=g019
[2026-09-21T17:41:16+10:00] STATUS group=1 models=Gemma Qwen completed=3417/5760 active_jobs=1
[2026-09-21T17:41:16+10:00] ACTIVE group=1 id=32720169 name=RQ3B-1 state=RUNNING elapsed=40:52 limit=2:00:00 partition=h2gpu node=g025 reason=g025
[2026-09-21T17:41:18+10:00] STATUS group=2 models=Mistral completed=2871/2880 active_jobs=1
[2026-09-21T17:41:18+10:00] ACTIVE group=2 id=32720171 name=RQ3B-2 state=RUNNING elapsed=40:53 limit=2:00:00 partition=h2gpu node=g025 reason=g025
[2026-09-21T17:41:21+10:00] STATUS group=3 models=Llama3.1 DeepSeek completed=2880/5760 active_jobs=1
[2026-09-21T17:41:21+10:00] ACTIVE group=3 id=32720172 name=RQ3B-3 state=RUNNING elapsed=40:51 limit=2:00:00 partition=h2gpu node=g019 reason=g019
[2026-09-21T17:46:23+10:00] STATUS group=1 models=Gemma Qwen completed=3446/5760 active_jobs=1
[2026-09-21T17:46:23+10:00] ACTIVE group=1 id=32720169 name=RQ3B-1 state=RUNNING elapsed=45:59 limit=2:00:00 partition=h2gpu node=g025 reason=g025
[2026-09-21T17:46:25+10:00] STATUS group=2 models=Mistral completed=2880/2880 active_jobs=0
[2026-09-21T17:46:25+10:00] ACTIVE group=2 none
[2026-09-21T17:46:27+10:00] STATUS group=3 models=Llama3.1 DeepSeek completed=2880/5760 active_jobs=1
[2026-09-21T17:46:27+10:00] ACTIVE group=3 id=32720172 name=RQ3B-3 state=RUNNING elapsed=45:57 limit=2:00:00 partition=h2gpu node=g019 reason=g019
[2026-09-21T17:51:30+10:00] STATUS group=1 models=Gemma Qwen completed=3472/5760 active_jobs=1
[2026-09-21T17:51:30+10:00] ACTIVE group=1 id=32720169 name=RQ3B-1 state=RUNNING elapsed=51:06 limit=2:00:00 partition=h2gpu node=g025 reason=g025
[2026-09-21T17:51:32+10:00] STATUS group=2 models=Mistral completed=2880/2880 active_jobs=0
[2026-09-21T17:51:32+10:00] ACTIVE group=2 none
[2026-09-21T17:51:34+10:00] STATUS group=3 models=Llama3.1 DeepSeek completed=2880/5760 active_jobs=1
[2026-09-21T17:51:34+10:00] ACTIVE group=3 id=32720172 name=RQ3B-3 state=RUNNING elapsed=51:04 limit=2:00:00 partition=h2gpu node=g019 reason=g019
[2026-09-21T17:56:37+10:00] STATUS group=1 models=Gemma Qwen completed=3503/5760 active_jobs=1
[2026-09-21T17:56:37+10:00] ACTIVE group=1 id=32720169 name=RQ3B-1 state=RUNNING elapsed=56:13 limit=2:00:00 partition=h2gpu node=g025 reason=g025
[2026-09-21T17:56:39+10:00] STATUS group=2 models=Mistral completed=2880/2880 active_jobs=0
[2026-09-21T17:56:39+10:00] ACTIVE group=2 none
[2026-09-21T17:56:41+10:00] STATUS group=3 models=Llama3.1 DeepSeek completed=2880/5760 active_jobs=1
[2026-09-21T17:56:41+10:00] ACTIVE group=3 id=32720172 name=RQ3B-3 state=RUNNING elapsed=56:11 limit=2:00:00 partition=h2gpu node=g019 reason=g019
[2026-09-21T18:01:43+10:00] STATUS group=1 models=Gemma Qwen completed=3544/5760 active_jobs=1
[2026-09-21T18:01:43+10:00] ACTIVE group=1 id=32720169 name=RQ3B-1 state=RUNNING elapsed=1:01:19 limit=2:00:00 partition=h2gpu node=g025 reason=g025
[2026-09-21T18:01:46+10:00] STATUS group=2 models=Mistral completed=2880/2880 active_jobs=0
[2026-09-21T18:01:46+10:00] ACTIVE group=2 none
[2026-09-21T18:01:48+10:00] STATUS group=3 models=Llama3.1 DeepSeek completed=2880/5760 active_jobs=1
[2026-09-21T18:01:48+10:00] ACTIVE group=3 id=32720172 name=RQ3B-3 state=RUNNING elapsed=1:01:18 limit=2:00:00 partition=h2gpu node=g019 reason=g019
[2026-09-21T18:06:51+10:00] STATUS group=1 models=Gemma Qwen completed=3575/5760 active_jobs=1
[2026-09-21T18:06:51+10:00] ACTIVE group=1 id=32720169 name=RQ3B-1 state=RUNNING elapsed=1:06:27 limit=2:00:00 partition=h2gpu node=g025 reason=g025
[2026-09-21T18:06:53+10:00] STATUS group=2 models=Mistral completed=2880/2880 active_jobs=0
[2026-09-21T18:06:53+10:00] ACTIVE group=2 none
[2026-09-21T18:06:55+10:00] STATUS group=3 models=Llama3.1 DeepSeek completed=2880/5760 active_jobs=1
[2026-09-21T18:06:55+10:00] ACTIVE group=3 id=32720172 name=RQ3B-3 state=RUNNING elapsed=1:06:25 limit=2:00:00 partition=h2gpu node=g019 reason=g019
[2026-09-21T18:11:58+10:00] STATUS group=1 models=Gemma Qwen completed=3619/5760 active_jobs=1
[2026-09-21T18:11:58+10:00] ACTIVE group=1 id=32720169 name=RQ3B-1 state=RUNNING elapsed=1:11:34 limit=2:00:00 partition=h2gpu node=g025 reason=g025
[2026-09-21T18:12:00+10:00] STATUS group=2 models=Mistral completed=2880/2880 active_jobs=0
[2026-09-21T18:12:00+10:00] ACTIVE group=2 none
[2026-09-21T18:12:03+10:00] STATUS group=3 models=Llama3.1 DeepSeek completed=2880/5760 active_jobs=1
[2026-09-21T18:12:03+10:00] ACTIVE group=3 id=32720172 name=RQ3B-3 state=RUNNING elapsed=1:11:33 limit=2:00:00 partition=h2gpu node=g019 reason=g019
[2026-09-21T18:17:06+10:00] STATUS group=1 models=Gemma Qwen completed=3670/5760 active_jobs=1
[2026-09-21T18:17:06+10:00] ACTIVE group=1 id=32720169 name=RQ3B-1 state=RUNNING elapsed=1:16:42 limit=2:00:00 partition=h2gpu node=g025 reason=g025
[2026-09-21T18:17:08+10:00] STATUS group=2 models=Mistral completed=2880/2880 active_jobs=0
[2026-09-21T18:17:08+10:00] ACTIVE group=2 none
[2026-09-21T18:17:10+10:00] STATUS group=3 models=Llama3.1 DeepSeek completed=2880/5760 active_jobs=1
[2026-09-21T18:17:10+10:00] ACTIVE group=3 id=32720172 name=RQ3B-3 state=RUNNING elapsed=1:16:40 limit=2:00:00 partition=h2gpu node=g019 reason=g019
[2026-09-21T18:22:12+10:00] STATUS group=1 models=Gemma Qwen completed=3731/5760 active_jobs=1
[2026-09-21T18:22:12+10:00] ACTIVE group=1 id=32720169 name=RQ3B-1 state=RUNNING elapsed=1:21:48 limit=2:00:00 partition=h2gpu node=g025 reason=g025
[2026-09-21T18:22:14+10:00] STATUS group=2 models=Mistral completed=2880/2880 active_jobs=0
[2026-09-21T18:22:14+10:00] ACTIVE group=2 none
[2026-09-21T18:22:16+10:00] STATUS group=3 models=Llama3.1 DeepSeek completed=2880/5760 active_jobs=1
[2026-09-21T18:22:16+10:00] ACTIVE group=3 id=32720172 name=RQ3B-3 state=RUNNING elapsed=1:21:46 limit=2:00:00 partition=h2gpu node=g019 reason=g019
[2026-09-21T18:27:19+10:00] STATUS group=1 models=Gemma Qwen completed=3788/5760 active_jobs=1
[2026-09-21T18:27:19+10:00] ACTIVE group=1 id=32720169 name=RQ3B-1 state=RUNNING elapsed=1:26:55 limit=2:00:00 partition=h2gpu node=g025 reason=g025
[2026-09-21T18:27:21+10:00] STATUS group=2 models=Mistral completed=2880/2880 active_jobs=0
[2026-09-21T18:27:21+10:00] ACTIVE group=2 none
[2026-09-21T18:27:23+10:00] STATUS group=3 models=Llama3.1 DeepSeek completed=2880/5760 active_jobs=1
[2026-09-21T18:27:23+10:00] ACTIVE group=3 id=32720172 name=RQ3B-3 state=RUNNING elapsed=1:26:53 limit=2:00:00 partition=h2gpu node=g019 reason=g019
[2026-09-21T18:32:25+10:00] STATUS group=1 models=Gemma Qwen completed=3846/5760 active_jobs=1
[2026-09-21T18:32:25+10:00] ACTIVE group=1 id=32720169 name=RQ3B-1 state=RUNNING elapsed=1:32:01 limit=2:00:00 partition=h2gpu node=g025 reason=g025
[2026-09-21T18:32:27+10:00] STATUS group=2 models=Mistral completed=2880/2880 active_jobs=0
[2026-09-21T18:32:27+10:00] ACTIVE group=2 none
[2026-09-21T18:32:29+10:00] STATUS group=3 models=Llama3.1 DeepSeek completed=2880/5760 active_jobs=1
[2026-09-21T18:32:29+10:00] ACTIVE group=3 id=32720172 name=RQ3B-3 state=RUNNING elapsed=1:31:59 limit=2:00:00 partition=h2gpu node=g019 reason=g019
[2026-09-21T18:37:32+10:00] STATUS group=1 models=Gemma Qwen completed=3894/5760 active_jobs=1
[2026-09-21T18:37:32+10:00] ACTIVE group=1 id=32720169 name=RQ3B-1 state=RUNNING elapsed=1:37:08 limit=2:00:00 partition=h2gpu node=g025 reason=g025
[2026-09-21T18:37:34+10:00] STATUS group=2 models=Mistral completed=2880/2880 active_jobs=0
[2026-09-21T18:37:34+10:00] ACTIVE group=2 none
[2026-09-21T18:37:36+10:00] STATUS group=3 models=Llama3.1 DeepSeek completed=2880/5760 active_jobs=1
[2026-09-21T18:37:36+10:00] ACTIVE group=3 id=32720172 name=RQ3B-3 state=RUNNING elapsed=1:37:06 limit=2:00:00 partition=h2gpu node=g019 reason=g019
[2026-09-21T18:42:38+10:00] STATUS group=1 models=Gemma Qwen completed=3910/5760 active_jobs=1
[2026-09-21T18:42:38+10:00] ACTIVE group=1 id=32720169 name=RQ3B-1 state=RUNNING elapsed=1:42:14 limit=2:00:00 partition=h2gpu node=g025 reason=g025
[2026-09-21T18:42:40+10:00] STATUS group=2 models=Mistral completed=2880/2880 active_jobs=0
[2026-09-21T18:42:40+10:00] ACTIVE group=2 none
[2026-09-21T18:42:42+10:00] STATUS group=3 models=Llama3.1 DeepSeek completed=2880/5760 active_jobs=1
[2026-09-21T18:42:42+10:00] ACTIVE group=3 id=32720172 name=RQ3B-3 state=RUNNING elapsed=1:42:12 limit=2:00:00 partition=h2gpu node=g019 reason=g019
[2026-09-21T18:47:45+10:00] STATUS group=1 models=Gemma Qwen completed=3926/5760 active_jobs=1
[2026-09-21T18:47:45+10:00] ACTIVE group=1 id=32720169 name=RQ3B-1 state=RUNNING elapsed=1:47:21 limit=2:00:00 partition=h2gpu node=g025 reason=g025
[2026-09-21T18:47:47+10:00] STATUS group=2 models=Mistral completed=2880/2880 active_jobs=0
[2026-09-21T18:47:47+10:00] ACTIVE group=2 none
[2026-09-21T18:47:49+10:00] STATUS group=3 models=Llama3.1 DeepSeek completed=2880/5760 active_jobs=1
[2026-09-21T18:47:49+10:00] ACTIVE group=3 id=32720172 name=RQ3B-3 state=RUNNING elapsed=1:47:19 limit=2:00:00 partition=h2gpu node=g019 reason=g019
[2026-09-21T18:52:52+10:00] STATUS group=1 models=Gemma Qwen completed=3940/5760 active_jobs=1
[2026-09-21T18:52:52+10:00] ACTIVE group=1 id=32720169 name=RQ3B-1 state=RUNNING elapsed=1:52:28 limit=2:00:00 partition=h2gpu node=g025 reason=g025
[2026-09-21T18:52:54+10:00] STATUS group=2 models=Mistral completed=2880/2880 active_jobs=0
[2026-09-21T18:52:54+10:00] ACTIVE group=2 none
[2026-09-21T18:52:56+10:00] STATUS group=3 models=Llama3.1 DeepSeek completed=2880/5760 active_jobs=1
[2026-09-21T18:52:56+10:00] ACTIVE group=3 id=32720172 name=RQ3B-3 state=RUNNING elapsed=1:52:26 limit=2:00:00 partition=h2gpu node=g019 reason=g019
[2026-09-21T18:57:58+10:00] STATUS group=1 models=Gemma Qwen completed=3965/5760 active_jobs=1
[2026-09-21T18:57:58+10:00] ACTIVE group=1 id=32720169 name=RQ3B-1 state=RUNNING elapsed=1:57:34 limit=2:00:00 partition=h2gpu node=g025 reason=g025
[2026-09-21T18:58:00+10:00] STATUS group=2 models=Mistral completed=2880/2880 active_jobs=0
[2026-09-21T18:58:00+10:00] ACTIVE group=2 none
[2026-09-21T18:58:03+10:00] STATUS group=3 models=Llama3.1 DeepSeek completed=2880/5760 active_jobs=1
[2026-09-21T18:58:03+10:00] ACTIVE group=3 id=32720172 name=RQ3B-3 state=RUNNING elapsed=1:57:33 limit=2:00:00 partition=h2gpu node=g019 reason=g019
[2026-09-21T19:03:06+10:00] STATUS group=1 models=Gemma Qwen completed=3973/5760 active_jobs=0
[2026-09-21T19:03:06+10:00] ACTIVE group=1 none
[2026-09-21T19:03:06+10:00] SUBMIT group=1 job=RQ3B-1 id=32730362
[2026-09-21T19:03:08+10:00] STATUS group=2 models=Mistral completed=2880/2880 active_jobs=0
[2026-09-21T19:03:08+10:00] ACTIVE group=2 none
[2026-09-21T19:03:10+10:00] STATUS group=3 models=Llama3.1 DeepSeek completed=2880/5760 active_jobs=0
[2026-09-21T19:03:10+10:00] ACTIVE group=3 none
[2026-09-21T19:03:10+10:00] SUBMIT group=3 job=RQ3B-3 id=32730365
[2026-09-21T19:08:13+10:00] STATUS group=1 models=Gemma Qwen completed=3980/5760 active_jobs=1
[2026-09-21T19:08:13+10:00] ACTIVE group=1 id=32730362 name=RQ3B-1 state=RUNNING elapsed=5:07 limit=2:00:00 partition=h2gpu node=g025 reason=g025
[2026-09-21T19:08:15+10:00] STATUS group=2 models=Mistral completed=2880/2880 active_jobs=0
[2026-09-21T19:08:15+10:00] ACTIVE group=2 none
[2026-09-21T19:08:17+10:00] STATUS group=3 models=Llama3.1 DeepSeek completed=2880/5760 active_jobs=1
[2026-09-21T19:08:17+10:00] ACTIVE group=3 id=32730365 name=RQ3B-3 state=RUNNING elapsed=5:06 limit=2:00:00 partition=h2gpu node=g025 reason=g025
[2026-09-21T19:13:21+10:00] STATUS group=1 models=Gemma Qwen completed=3998/5760 active_jobs=1
[2026-09-21T19:13:21+10:00] ACTIVE group=1 id=32730362 name=RQ3B-1 state=RUNNING elapsed=10:15 limit=2:00:00 partition=h2gpu node=g025 reason=g025
[2026-09-21T19:13:23+10:00] STATUS group=2 models=Mistral completed=2880/2880 active_jobs=0
[2026-09-21T19:13:23+10:00] ACTIVE group=2 none
[2026-09-21T19:13:25+10:00] STATUS group=3 models=Llama3.1 DeepSeek completed=2880/5760 active_jobs=1
[2026-09-21T19:13:25+10:00] ACTIVE group=3 id=32730365 name=RQ3B-3 state=RUNNING elapsed=10:14 limit=2:00:00 partition=h2gpu node=g025 reason=g025
[2026-09-21T19:18:28+10:00] STATUS group=1 models=Gemma Qwen completed=4017/5760 active_jobs=1
[2026-09-21T19:18:28+10:00] ACTIVE group=1 id=32730362 name=RQ3B-1 state=RUNNING elapsed=15:22 limit=2:00:00 partition=h2gpu node=g025 reason=g025
[2026-09-21T19:18:30+10:00] STATUS group=2 models=Mistral completed=2880/2880 active_jobs=0
[2026-09-21T19:18:30+10:00] ACTIVE group=2 none
[2026-09-21T19:18:32+10:00] STATUS group=3 models=Llama3.1 DeepSeek completed=2880/5760 active_jobs=1
[2026-09-21T19:18:32+10:00] ACTIVE group=3 id=32730365 name=RQ3B-3 state=RUNNING elapsed=15:21 limit=2:00:00 partition=h2gpu node=g025 reason=g025
[2026-09-21T19:23:34+10:00] STATUS group=1 models=Gemma Qwen completed=4041/5760 active_jobs=1
[2026-09-21T19:23:34+10:00] ACTIVE group=1 id=32730362 name=RQ3B-1 state=RUNNING elapsed=20:28 limit=2:00:00 partition=h2gpu node=g025 reason=g025
[2026-09-21T19:23:37+10:00] STATUS group=2 models=Mistral completed=2880/2880 active_jobs=0
[2026-09-21T19:23:37+10:00] ACTIVE group=2 none
[2026-09-21T19:23:39+10:00] STATUS group=3 models=Llama3.1 DeepSeek completed=2880/5760 active_jobs=1
[2026-09-21T19:23:39+10:00] ACTIVE group=3 id=32730365 name=RQ3B-3 state=RUNNING elapsed=20:28 limit=2:00:00 partition=h2gpu node=g025 reason=g025
[2026-09-21T19:28:42+10:00] STATUS group=1 models=Gemma Qwen completed=4073/5760 active_jobs=1
[2026-09-21T19:28:42+10:00] ACTIVE group=1 id=32730362 name=RQ3B-1 state=RUNNING elapsed=25:36 limit=2:00:00 partition=h2gpu node=g025 reason=g025
[2026-09-21T19:28:45+10:00] STATUS group=2 models=Mistral completed=2880/2880 active_jobs=0
[2026-09-21T19:28:45+10:00] ACTIVE group=2 none
[2026-09-21T19:28:47+10:00] STATUS group=3 models=Llama3.1 DeepSeek completed=2880/5760 active_jobs=1
[2026-09-21T19:28:48+10:00] ACTIVE group=3 id=32730365 name=RQ3B-3 state=RUNNING elapsed=25:37 limit=2:00:00 partition=h2gpu node=g025 reason=g025
[2026-09-21T19:33:50+10:00] STATUS group=1 models=Gemma Qwen completed=4112/5760 active_jobs=1
[2026-09-21T19:33:50+10:00] ACTIVE group=1 id=32730362 name=RQ3B-1 state=RUNNING elapsed=30:44 limit=2:00:00 partition=h2gpu node=g025 reason=g025
[2026-09-21T19:33:52+10:00] STATUS group=2 models=Mistral completed=2880/2880 active_jobs=0
[2026-09-21T19:33:52+10:00] ACTIVE group=2 none
[2026-09-21T19:33:54+10:00] STATUS group=3 models=Llama3.1 DeepSeek completed=2880/5760 active_jobs=1
[2026-09-21T19:33:54+10:00] ACTIVE group=3 id=32730365 name=RQ3B-3 state=RUNNING elapsed=30:43 limit=2:00:00 partition=h2gpu node=g025 reason=g025
[2026-09-21T19:38:57+10:00] STATUS group=1 models=Gemma Qwen completed=4158/5760 active_jobs=1
[2026-09-21T19:38:57+10:00] ACTIVE group=1 id=32730362 name=RQ3B-1 state=RUNNING elapsed=35:51 limit=2:00:00 partition=h2gpu node=g025 reason=g025
[2026-09-21T19:38:59+10:00] STATUS group=2 models=Mistral completed=2880/2880 active_jobs=0
[2026-09-21T19:38:59+10:00] ACTIVE group=2 none
[2026-09-21T19:39:01+10:00] STATUS group=3 models=Llama3.1 DeepSeek completed=2880/5760 active_jobs=1
[2026-09-21T19:39:01+10:00] ACTIVE group=3 id=32730365 name=RQ3B-3 state=RUNNING elapsed=35:50 limit=2:00:00 partition=h2gpu node=g025 reason=g025
[2026-09-21T19:44:04+10:00] STATUS group=1 models=Gemma Qwen completed=4183/5760 active_jobs=1
[2026-09-21T19:44:04+10:00] ACTIVE group=1 id=32730362 name=RQ3B-1 state=RUNNING elapsed=40:58 limit=2:00:00 partition=h2gpu node=g025 reason=g025
[2026-09-21T19:44:06+10:00] STATUS group=2 models=Mistral completed=2880/2880 active_jobs=0
[2026-09-21T19:44:06+10:00] ACTIVE group=2 none
[2026-09-21T19:44:08+10:00] STATUS group=3 models=Llama3.1 DeepSeek completed=2880/5760 active_jobs=1
[2026-09-21T19:44:08+10:00] ACTIVE group=3 id=32730365 name=RQ3B-3 state=RUNNING elapsed=40:57 limit=2:00:00 partition=h2gpu node=g025 reason=g025
[2026-09-21T19:49:11+10:00] STATUS group=1 models=Gemma Qwen completed=4199/5760 active_jobs=1
[2026-09-21T19:49:11+10:00] ACTIVE group=1 id=32730362 name=RQ3B-1 state=RUNNING elapsed=46:05 limit=2:00:00 partition=h2gpu node=g025 reason=g025
[2026-09-21T19:49:13+10:00] STATUS group=2 models=Mistral completed=2880/2880 active_jobs=0
[2026-09-21T19:49:13+10:00] ACTIVE group=2 none
[2026-09-21T19:49:15+10:00] STATUS group=3 models=Llama3.1 DeepSeek completed=2880/5760 active_jobs=1
[2026-09-21T19:49:15+10:00] ACTIVE group=3 id=32730365 name=RQ3B-3 state=RUNNING elapsed=46:04 limit=2:00:00 partition=h2gpu node=g025 reason=g025
[2026-09-21T19:54:18+10:00] STATUS group=1 models=Gemma Qwen completed=4216/5760 active_jobs=1
[2026-09-21T19:54:18+10:00] ACTIVE group=1 id=32730362 name=RQ3B-1 state=RUNNING elapsed=51:12 limit=2:00:00 partition=h2gpu node=g025 reason=g025
[2026-09-21T19:54:20+10:00] STATUS group=2 models=Mistral completed=2880/2880 active_jobs=0
[2026-09-21T19:54:20+10:00] ACTIVE group=2 none
[2026-09-21T19:54:22+10:00] STATUS group=3 models=Llama3.1 DeepSeek completed=2880/5760 active_jobs=1
[2026-09-21T19:54:22+10:00] ACTIVE group=3 id=32730365 name=RQ3B-3 state=RUNNING elapsed=51:11 limit=2:00:00 partition=h2gpu node=g025 reason=g025
[2026-09-21T19:59:25+10:00] STATUS group=1 models=Gemma Qwen completed=4227/5760 active_jobs=1
[2026-09-21T19:59:25+10:00] ACTIVE group=1 id=32730362 name=RQ3B-1 state=RUNNING elapsed=56:19 limit=2:00:00 partition=h2gpu node=g025 reason=g025
[2026-09-21T19:59:27+10:00] STATUS group=2 models=Mistral completed=2880/2880 active_jobs=0
[2026-09-21T19:59:27+10:00] ACTIVE group=2 none
[2026-09-21T19:59:28+10:00] STATUS group=3 models=Llama3.1 DeepSeek completed=2880/5760 active_jobs=1
[2026-09-21T19:59:29+10:00] ACTIVE group=3 id=32730365 name=RQ3B-3 state=RUNNING elapsed=56:18 limit=2:00:00 partition=h2gpu node=g025 reason=g025
[2026-09-21T20:04:32+10:00] STATUS group=1 models=Gemma Qwen completed=4239/5760 active_jobs=1
[2026-09-21T20:04:32+10:00] ACTIVE group=1 id=32730362 name=RQ3B-1 state=RUNNING elapsed=1:01:26 limit=2:00:00 partition=h2gpu node=g025 reason=g025
[2026-09-21T20:04:34+10:00] STATUS group=2 models=Mistral completed=2880/2880 active_jobs=0
[2026-09-21T20:04:34+10:00] ACTIVE group=2 none
[2026-09-21T20:04:36+10:00] STATUS group=3 models=Llama3.1 DeepSeek completed=2880/5760 active_jobs=1
[2026-09-21T20:04:36+10:00] ACTIVE group=3 id=32730365 name=RQ3B-3 state=RUNNING elapsed=1:01:25 limit=2:00:00 partition=h2gpu node=g025 reason=g025
[2026-09-21T20:09:39+10:00] STATUS group=1 models=Gemma Qwen completed=4249/5760 active_jobs=1
[2026-09-21T20:09:39+10:00] ACTIVE group=1 id=32730362 name=RQ3B-1 state=RUNNING elapsed=1:06:33 limit=2:00:00 partition=h2gpu node=g025 reason=g025
[2026-09-21T20:09:40+10:00] STATUS group=2 models=Mistral completed=2880/2880 active_jobs=0
[2026-09-21T20:09:40+10:00] ACTIVE group=2 none
[2026-09-21T20:09:42+10:00] STATUS group=3 models=Llama3.1 DeepSeek completed=2880/5760 active_jobs=1
[2026-09-21T20:09:42+10:00] ACTIVE group=3 id=32730365 name=RQ3B-3 state=RUNNING elapsed=1:06:31 limit=2:00:00 partition=h2gpu node=g025 reason=g025
[2026-09-21T20:14:45+10:00] STATUS group=1 models=Gemma Qwen completed=4258/5760 active_jobs=1
[2026-09-21T20:14:45+10:00] ACTIVE group=1 id=32730362 name=RQ3B-1 state=RUNNING elapsed=1:11:39 limit=2:00:00 partition=h2gpu node=g025 reason=g025
[2026-09-21T20:14:47+10:00] STATUS group=2 models=Mistral completed=2880/2880 active_jobs=0
[2026-09-21T20:14:47+10:00] ACTIVE group=2 none
[2026-09-21T20:14:49+10:00] STATUS group=3 models=Llama3.1 DeepSeek completed=2880/5760 active_jobs=1
[2026-09-21T20:14:49+10:00] ACTIVE group=3 id=32730365 name=RQ3B-3 state=RUNNING elapsed=1:11:38 limit=2:00:00 partition=h2gpu node=g025 reason=g025
[2026-09-21T20:19:52+10:00] STATUS group=1 models=Gemma Qwen completed=4269/5760 active_jobs=1
[2026-09-21T20:19:52+10:00] ACTIVE group=1 id=32730362 name=RQ3B-1 state=RUNNING elapsed=1:16:46 limit=2:00:00 partition=h2gpu node=g025 reason=g025
[2026-09-21T20:19:54+10:00] STATUS group=2 models=Mistral completed=2880/2880 active_jobs=0
[2026-09-21T20:19:54+10:00] ACTIVE group=2 none
[2026-09-21T20:19:56+10:00] STATUS group=3 models=Llama3.1 DeepSeek completed=2880/5760 active_jobs=1
[2026-09-21T20:19:56+10:00] ACTIVE group=3 id=32730365 name=RQ3B-3 state=RUNNING elapsed=1:16:45 limit=2:00:00 partition=h2gpu node=g025 reason=g025
[2026-09-21T20:24:59+10:00] STATUS group=1 models=Gemma Qwen completed=4283/5760 active_jobs=1
[2026-09-21T20:24:59+10:00] ACTIVE group=1 id=32730362 name=RQ3B-1 state=RUNNING elapsed=1:21:53 limit=2:00:00 partition=h2gpu node=g025 reason=g025
[2026-09-21T20:25:01+10:00] STATUS group=2 models=Mistral completed=2880/2880 active_jobs=0
[2026-09-21T20:25:01+10:00] ACTIVE group=2 none
[2026-09-21T20:25:03+10:00] STATUS group=3 models=Llama3.1 DeepSeek completed=2880/5760 active_jobs=1
[2026-09-21T20:25:03+10:00] ACTIVE group=3 id=32730365 name=RQ3B-3 state=RUNNING elapsed=1:21:52 limit=2:00:00 partition=h2gpu node=g025 reason=g025
[2026-09-21T20:30:06+10:00] STATUS group=1 models=Gemma Qwen completed=4299/5760 active_jobs=1
[2026-09-21T20:30:06+10:00] ACTIVE group=1 id=32730362 name=RQ3B-1 state=RUNNING elapsed=1:27:00 limit=2:00:00 partition=h2gpu node=g025 reason=g025
[2026-09-21T20:30:08+10:00] STATUS group=2 models=Mistral completed=2880/2880 active_jobs=0
[2026-09-21T20:30:08+10:00] ACTIVE group=2 none
[2026-09-21T20:30:10+10:00] STATUS group=3 models=Llama3.1 DeepSeek completed=2880/5760 active_jobs=1
[2026-09-21T20:30:10+10:00] ACTIVE group=3 id=32730365 name=RQ3B-3 state=RUNNING elapsed=1:26:59 limit=2:00:00 partition=h2gpu node=g025 reason=g025
[2026-09-21T20:35:13+10:00] STATUS group=1 models=Gemma Qwen completed=4314/5760 active_jobs=1
[2026-09-21T20:35:13+10:00] ACTIVE group=1 id=32730362 name=RQ3B-1 state=RUNNING elapsed=1:32:07 limit=2:00:00 partition=h2gpu node=g025 reason=g025
[2026-09-21T20:35:15+10:00] STATUS group=2 models=Mistral completed=2880/2880 active_jobs=0
[2026-09-21T20:35:15+10:00] ACTIVE group=2 none
[2026-09-21T20:35:17+10:00] STATUS group=3 models=Llama3.1 DeepSeek completed=2880/5760 active_jobs=1
[2026-09-21T20:35:17+10:00] ACTIVE group=3 id=32730365 name=RQ3B-3 state=RUNNING elapsed=1:32:06 limit=2:00:00 partition=h2gpu node=g025 reason=g025
[2026-09-21T20:40:21+10:00] STATUS group=1 models=Gemma Qwen completed=4336/5760 active_jobs=1
[2026-09-21T20:40:21+10:00] ACTIVE group=1 id=32730362 name=RQ3B-1 state=RUNNING elapsed=1:37:15 limit=2:00:00 partition=h2gpu node=g025 reason=g025
[2026-09-21T20:40:25+10:00] STATUS group=2 models=Mistral completed=2880/2880 active_jobs=0
[2026-09-21T20:40:25+10:00] ACTIVE group=2 none
[2026-09-21T20:40:27+10:00] STATUS group=3 models=Llama3.1 DeepSeek completed=2880/5760 active_jobs=1
[2026-09-21T20:40:27+10:00] ACTIVE group=3 id=32730365 name=RQ3B-3 state=RUNNING elapsed=1:37:16 limit=2:00:00 partition=h2gpu node=g025 reason=g025
[2026-09-21T20:45:30+10:00] STATUS group=1 models=Gemma Qwen completed=4364/5760 active_jobs=1
[2026-09-21T20:45:30+10:00] ACTIVE group=1 id=32730362 name=RQ3B-1 state=RUNNING elapsed=1:42:24 limit=2:00:00 partition=h2gpu node=g025 reason=g025
[2026-09-21T20:45:31+10:00] STATUS group=2 models=Mistral completed=2880/2880 active_jobs=0
[2026-09-21T20:45:31+10:00] ACTIVE group=2 none
[2026-09-21T20:45:34+10:00] STATUS group=3 models=Llama3.1 DeepSeek completed=2880/5760 active_jobs=1
[2026-09-21T20:45:34+10:00] ACTIVE group=3 id=32730365 name=RQ3B-3 state=RUNNING elapsed=1:42:23 limit=2:00:00 partition=h2gpu node=g025 reason=g025
[2026-09-21T20:50:38+10:00] STATUS group=1 models=Gemma Qwen completed=4389/5760 active_jobs=1
[2026-09-21T20:50:38+10:00] ACTIVE group=1 id=32730362 name=RQ3B-1 state=RUNNING elapsed=1:47:32 limit=2:00:00 partition=h2gpu node=g025 reason=g025
[2026-09-21T20:50:40+10:00] STATUS group=2 models=Mistral completed=2880/2880 active_jobs=0
[2026-09-21T20:50:40+10:00] ACTIVE group=2 none
[2026-09-21T20:50:42+10:00] STATUS group=3 models=Llama3.1 DeepSeek completed=2880/5760 active_jobs=1
[2026-09-21T20:50:42+10:00] ACTIVE group=3 id=32730365 name=RQ3B-3 state=RUNNING elapsed=1:47:31 limit=2:00:00 partition=h2gpu node=g025 reason=g025
[2026-09-21T20:55:45+10:00] STATUS group=1 models=Gemma Qwen completed=4413/5760 active_jobs=1
[2026-09-21T20:55:45+10:00] ACTIVE group=1 id=32730362 name=RQ3B-1 state=RUNNING elapsed=1:52:39 limit=2:00:00 partition=h2gpu node=g025 reason=g025
[2026-09-21T20:55:47+10:00] STATUS group=2 models=Mistral completed=2880/2880 active_jobs=0
[2026-09-21T20:55:47+10:00] ACTIVE group=2 none
[2026-09-21T20:55:49+10:00] STATUS group=3 models=Llama3.1 DeepSeek completed=2880/5760 active_jobs=1
[2026-09-21T20:55:49+10:00] ACTIVE group=3 id=32730365 name=RQ3B-3 state=RUNNING elapsed=1:52:38 limit=2:00:00 partition=h2gpu node=g025 reason=g025
[2026-09-21T21:00:52+10:00] STATUS group=1 models=Gemma Qwen completed=4441/5760 active_jobs=1
[2026-09-21T21:00:52+10:00] ACTIVE group=1 id=32730362 name=RQ3B-1 state=RUNNING elapsed=1:57:46 limit=2:00:00 partition=h2gpu node=g025 reason=g025
[2026-09-21T21:00:54+10:00] STATUS group=2 models=Mistral completed=2880/2880 active_jobs=0
[2026-09-21T21:00:54+10:00] ACTIVE group=2 none
[2026-09-21T21:00:56+10:00] STATUS group=3 models=Llama3.1 DeepSeek completed=2880/5760 active_jobs=1
[2026-09-21T21:00:56+10:00] ACTIVE group=3 id=32730365 name=RQ3B-3 state=RUNNING elapsed=1:57:45 limit=2:00:00 partition=h2gpu node=g025 reason=g025
[2026-09-21T21:05:59+10:00] STATUS group=1 models=Gemma Qwen completed=4455/5760 active_jobs=0
[2026-09-21T21:05:59+10:00] ACTIVE group=1 none
[2026-09-21T21:05:59+10:00] SUBMIT group=1 job=RQ3B-1 id=32735138
[2026-09-21T21:06:01+10:00] STATUS group=2 models=Mistral completed=2880/2880 active_jobs=0
[2026-09-21T21:06:01+10:00] ACTIVE group=2 none
[2026-09-21T21:06:03+10:00] STATUS group=3 models=Llama3.1 DeepSeek completed=2880/5760 active_jobs=0
[2026-09-21T21:06:03+10:00] ACTIVE group=3 none
[2026-09-21T21:06:03+10:00] SUBMIT group=3 job=RQ3B-3 id=32735139
[2026-09-21T21:11:06+10:00] STATUS group=1 models=Gemma Qwen completed=4466/5760 active_jobs=1
[2026-09-21T21:11:06+10:00] ACTIVE group=1 id=32735138 name=RQ3B-1 state=RUNNING elapsed=5:07 limit=2:00:00 partition=h2gpu node=g025 reason=g025
[2026-09-21T21:11:08+10:00] STATUS group=2 models=Mistral completed=2880/2880 active_jobs=0
[2026-09-21T21:11:08+10:00] ACTIVE group=2 none
[2026-09-21T21:11:10+10:00] STATUS group=3 models=Llama3.1 DeepSeek completed=2880/5760 active_jobs=1
[2026-09-21T21:11:10+10:00] ACTIVE group=3 id=32735139 name=RQ3B-3 state=RUNNING elapsed=5:06 limit=2:00:00 partition=h2gpu node=g025 reason=g025
[2026-09-21T21:16:13+10:00] STATUS group=1 models=Gemma Qwen completed=4479/5760 active_jobs=1
[2026-09-21T21:16:13+10:00] ACTIVE group=1 id=32735138 name=RQ3B-1 state=RUNNING elapsed=10:14 limit=2:00:00 partition=h2gpu node=g025 reason=g025
[2026-09-21T21:16:15+10:00] STATUS group=2 models=Mistral completed=2880/2880 active_jobs=0
[2026-09-21T21:16:15+10:00] ACTIVE group=2 none
[2026-09-21T21:16:17+10:00] STATUS group=3 models=Llama3.1 DeepSeek completed=2880/5760 active_jobs=1
[2026-09-21T21:16:17+10:00] ACTIVE group=3 id=32735139 name=RQ3B-3 state=RUNNING elapsed=10:13 limit=2:00:00 partition=h2gpu node=g025 reason=g025
[2026-09-21T21:21:20+10:00] STATUS group=1 models=Gemma Qwen completed=4494/5760 active_jobs=1
[2026-09-21T21:21:20+10:00] ACTIVE group=1 id=32735138 name=RQ3B-1 state=RUNNING elapsed=15:21 limit=2:00:00 partition=h2gpu node=g025 reason=g025
[2026-09-21T21:21:22+10:00] STATUS group=2 models=Mistral completed=2880/2880 active_jobs=0
[2026-09-21T21:21:22+10:00] ACTIVE group=2 none
[2026-09-21T21:21:24+10:00] STATUS group=3 models=Llama3.1 DeepSeek completed=2880/5760 active_jobs=1
[2026-09-21T21:21:24+10:00] ACTIVE group=3 id=32735139 name=RQ3B-3 state=RUNNING elapsed=15:20 limit=2:00:00 partition=h2gpu node=g025 reason=g025
[2026-09-21T21:26:27+10:00] STATUS group=1 models=Gemma Qwen completed=4510/5760 active_jobs=1
[2026-09-21T21:26:27+10:00] ACTIVE group=1 id=32735138 name=RQ3B-1 state=RUNNING elapsed=20:28 limit=2:00:00 partition=h2gpu node=g025 reason=g025
[2026-09-21T21:26:29+10:00] STATUS group=2 models=Mistral completed=2880/2880 active_jobs=0
[2026-09-21T21:26:29+10:00] ACTIVE group=2 none
[2026-09-21T21:26:31+10:00] STATUS group=3 models=Llama3.1 DeepSeek completed=2880/5760 active_jobs=1
[2026-09-21T21:26:31+10:00] ACTIVE group=3 id=32735139 name=RQ3B-3 state=RUNNING elapsed=20:27 limit=2:00:00 partition=h2gpu node=g025 reason=g025
[2026-09-21T21:31:36+10:00] STATUS group=1 models=Gemma Qwen completed=4528/5760 active_jobs=1
[2026-09-21T21:31:36+10:00] ACTIVE group=1 id=32735138 name=RQ3B-1 state=RUNNING elapsed=25:37 limit=2:00:00 partition=h2gpu node=g025 reason=g025
[2026-09-21T21:31:39+10:00] STATUS group=2 models=Mistral completed=2880/2880 active_jobs=0
[2026-09-21T21:31:39+10:00] ACTIVE group=2 none
[2026-09-21T21:31:41+10:00] STATUS group=3 models=Llama3.1 DeepSeek completed=2880/5760 active_jobs=1
[2026-09-21T21:31:41+10:00] ACTIVE group=3 id=32735139 name=RQ3B-3 state=RUNNING elapsed=25:37 limit=2:00:00 partition=h2gpu node=g025 reason=g025
[2026-09-21T21:36:44+10:00] STATUS group=1 models=Gemma Qwen completed=4548/5760 active_jobs=1
[2026-09-21T21:36:44+10:00] ACTIVE group=1 id=32735138 name=RQ3B-1 state=RUNNING elapsed=30:45 limit=2:00:00 partition=h2gpu node=g025 reason=g025
[2026-09-21T21:36:46+10:00] STATUS group=2 models=Mistral completed=2880/2880 active_jobs=0
[2026-09-21T21:36:46+10:00] ACTIVE group=2 none
[2026-09-21T21:36:48+10:00] STATUS group=3 models=Llama3.1 DeepSeek completed=2880/5760 active_jobs=1
[2026-09-21T21:36:48+10:00] ACTIVE group=3 id=32735139 name=RQ3B-3 state=RUNNING elapsed=30:44 limit=2:00:00 partition=h2gpu node=g025 reason=g025
[2026-09-21T21:41:51+10:00] STATUS group=1 models=Gemma Qwen completed=4567/5760 active_jobs=1
[2026-09-21T21:41:51+10:00] ACTIVE group=1 id=32735138 name=RQ3B-1 state=RUNNING elapsed=35:52 limit=2:00:00 partition=h2gpu node=g025 reason=g025
[2026-09-21T21:41:53+10:00] STATUS group=2 models=Mistral completed=2880/2880 active_jobs=0
[2026-09-21T21:41:53+10:00] ACTIVE group=2 none
[2026-09-21T21:41:57+10:00] STATUS group=3 models=Llama3.1 DeepSeek completed=2880/5760 active_jobs=1
[2026-09-21T21:41:57+10:00] ACTIVE group=3 id=32735139 name=RQ3B-3 state=RUNNING elapsed=35:53 limit=2:00:00 partition=h2gpu node=g025 reason=g025
[2026-09-21T21:47:00+10:00] STATUS group=1 models=Gemma Qwen completed=4582/5760 active_jobs=1
[2026-09-21T21:47:00+10:00] ACTIVE group=1 id=32735138 name=RQ3B-1 state=RUNNING elapsed=41:01 limit=2:00:00 partition=h2gpu node=g025 reason=g025
[2026-09-21T21:47:02+10:00] STATUS group=2 models=Mistral completed=2880/2880 active_jobs=0
[2026-09-21T21:47:02+10:00] ACTIVE group=2 none
[2026-09-21T21:47:04+10:00] STATUS group=3 models=Llama3.1 DeepSeek completed=2880/5760 active_jobs=1
[2026-09-21T21:47:04+10:00] ACTIVE group=3 id=32735139 name=RQ3B-3 state=RUNNING elapsed=41:00 limit=2:00:00 partition=h2gpu node=g025 reason=g025
[2026-09-21T21:52:07+10:00] STATUS group=1 models=Gemma Qwen completed=4595/5760 active_jobs=1
[2026-09-21T21:52:07+10:00] ACTIVE group=1 id=32735138 name=RQ3B-1 state=RUNNING elapsed=46:08 limit=2:00:00 partition=h2gpu node=g025 reason=g025
[2026-09-21T21:52:09+10:00] STATUS group=2 models=Mistral completed=2880/2880 active_jobs=0
[2026-09-21T21:52:09+10:00] ACTIVE group=2 none
[2026-09-21T21:52:11+10:00] STATUS group=3 models=Llama3.1 DeepSeek completed=2880/5760 active_jobs=1
[2026-09-21T21:52:11+10:00] ACTIVE group=3 id=32735139 name=RQ3B-3 state=RUNNING elapsed=46:07 limit=2:00:00 partition=h2gpu node=g025 reason=g025
[2026-09-21T21:57:14+10:00] STATUS group=1 models=Gemma Qwen completed=4610/5760 active_jobs=1
[2026-09-21T21:57:14+10:00] ACTIVE group=1 id=32735138 name=RQ3B-1 state=RUNNING elapsed=51:15 limit=2:00:00 partition=h2gpu node=g025 reason=g025
[2026-09-21T21:57:16+10:00] STATUS group=2 models=Mistral completed=2880/2880 active_jobs=0
[2026-09-21T21:57:16+10:00] ACTIVE group=2 none
[2026-09-21T21:57:20+10:00] STATUS group=3 models=Llama3.1 DeepSeek completed=2880/5760 active_jobs=1
[2026-09-21T21:57:20+10:00] ACTIVE group=3 id=32735139 name=RQ3B-3 state=RUNNING elapsed=51:16 limit=2:00:00 partition=h2gpu node=g025 reason=g025
[2026-09-21T22:02:23+10:00] STATUS group=1 models=Gemma Qwen completed=4647/5760 active_jobs=1
[2026-09-21T22:02:23+10:00] ACTIVE group=1 id=32735138 name=RQ3B-1 state=RUNNING elapsed=56:24 limit=2:00:00 partition=h2gpu node=g025 reason=g025
[2026-09-21T22:02:25+10:00] STATUS group=2 models=Mistral completed=2880/2880 active_jobs=0
[2026-09-21T22:02:25+10:00] ACTIVE group=2 none
[2026-09-21T22:02:27+10:00] STATUS group=3 models=Llama3.1 DeepSeek completed=2880/5760 active_jobs=1
[2026-09-21T22:02:27+10:00] ACTIVE group=3 id=32735139 name=RQ3B-3 state=RUNNING elapsed=56:23 limit=2:00:00 partition=h2gpu node=g025 reason=g025
[2026-09-21T22:07:30+10:00] STATUS group=1 models=Gemma Qwen completed=4685/5760 active_jobs=1
[2026-09-21T22:07:30+10:00] ACTIVE group=1 id=32735138 name=RQ3B-1 state=RUNNING elapsed=1:01:31 limit=2:00:00 partition=h2gpu node=g025 reason=g025
[2026-09-21T22:07:32+10:00] STATUS group=2 models=Mistral completed=2880/2880 active_jobs=0
[2026-09-21T22:07:32+10:00] ACTIVE group=2 none
[2026-09-21T22:07:34+10:00] STATUS group=3 models=Llama3.1 DeepSeek completed=2880/5760 active_jobs=1
[2026-09-21T22:07:34+10:00] ACTIVE group=3 id=32735139 name=RQ3B-3 state=RUNNING elapsed=1:01:30 limit=2:00:00 partition=h2gpu node=g025 reason=g025
[2026-09-21T22:12:37+10:00] STATUS group=1 models=Gemma Qwen completed=4725/5760 active_jobs=1
[2026-09-21T22:12:37+10:00] ACTIVE group=1 id=32735138 name=RQ3B-1 state=RUNNING elapsed=1:06:38 limit=2:00:00 partition=h2gpu node=g025 reason=g025
[2026-09-21T22:12:39+10:00] STATUS group=2 models=Mistral completed=2880/2880 active_jobs=0
[2026-09-21T22:12:39+10:00] ACTIVE group=2 none
[2026-09-21T22:12:41+10:00] STATUS group=3 models=Llama3.1 DeepSeek completed=2880/5760 active_jobs=1
[2026-09-21T22:12:41+10:00] ACTIVE group=3 id=32735139 name=RQ3B-3 state=RUNNING elapsed=1:06:37 limit=2:00:00 partition=h2gpu node=g025 reason=g025
[2026-09-21T22:17:45+10:00] STATUS group=1 models=Gemma Qwen completed=4758/5760 active_jobs=1
[2026-09-21T22:17:45+10:00] ACTIVE group=1 id=32735138 name=RQ3B-1 state=RUNNING elapsed=1:11:46 limit=2:00:00 partition=h2gpu node=g025 reason=g025
[2026-09-21T22:17:47+10:00] STATUS group=2 models=Mistral completed=2880/2880 active_jobs=0
[2026-09-21T22:17:47+10:00] ACTIVE group=2 none
[2026-09-21T22:17:49+10:00] STATUS group=3 models=Llama3.1 DeepSeek completed=2880/5760 active_jobs=1
[2026-09-21T22:17:49+10:00] ACTIVE group=3 id=32735139 name=RQ3B-3 state=RUNNING elapsed=1:11:45 limit=2:00:00 partition=h2gpu node=g025 reason=g025
[2026-09-21T22:22:53+10:00] STATUS group=1 models=Gemma Qwen completed=4778/5760 active_jobs=1
[2026-09-21T22:22:53+10:00] ACTIVE group=1 id=32735138 name=RQ3B-1 state=RUNNING elapsed=1:16:54 limit=2:00:00 partition=h2gpu node=g025 reason=g025
[2026-09-21T22:22:55+10:00] STATUS group=2 models=Mistral completed=2880/2880 active_jobs=0
[2026-09-21T22:22:55+10:00] ACTIVE group=2 none
[2026-09-21T22:22:58+10:00] STATUS group=3 models=Llama3.1 DeepSeek completed=2880/5760 active_jobs=1
[2026-09-21T22:22:58+10:00] ACTIVE group=3 id=32735139 name=RQ3B-3 state=RUNNING elapsed=1:16:54 limit=2:00:00 partition=h2gpu node=g025 reason=g025
[2026-09-21T22:28:01+10:00] STATUS group=1 models=Gemma Qwen completed=4799/5760 active_jobs=1
[2026-09-21T22:28:01+10:00] ACTIVE group=1 id=32735138 name=RQ3B-1 state=RUNNING elapsed=1:22:02 limit=2:00:00 partition=h2gpu node=g025 reason=g025
[2026-09-21T22:28:03+10:00] STATUS group=2 models=Mistral completed=2880/2880 active_jobs=0
[2026-09-21T22:28:03+10:00] ACTIVE group=2 none
[2026-09-21T22:28:05+10:00] STATUS group=3 models=Llama3.1 DeepSeek completed=2880/5760 active_jobs=1
[2026-09-21T22:28:05+10:00] ACTIVE group=3 id=32735139 name=RQ3B-3 state=RUNNING elapsed=1:22:01 limit=2:00:00 partition=h2gpu node=g025 reason=g025
[2026-09-21T22:33:09+10:00] STATUS group=1 models=Gemma Qwen completed=4822/5760 active_jobs=1
[2026-09-21T22:33:09+10:00] ACTIVE group=1 id=32735138 name=RQ3B-1 state=RUNNING elapsed=1:27:10 limit=2:00:00 partition=h2gpu node=g025 reason=g025
[2026-09-21T22:33:10+10:00] STATUS group=2 models=Mistral completed=2880/2880 active_jobs=0
[2026-09-21T22:33:11+10:00] ACTIVE group=2 none
[2026-09-21T22:33:13+10:00] STATUS group=3 models=Llama3.1 DeepSeek completed=2880/5760 active_jobs=1
[2026-09-21T22:33:13+10:00] ACTIVE group=3 id=32735139 name=RQ3B-3 state=RUNNING elapsed=1:27:09 limit=2:00:00 partition=h2gpu node=g025 reason=g025
[2026-09-21T22:38:16+10:00] STATUS group=1 models=Gemma Qwen completed=4843/5760 active_jobs=1
[2026-09-21T22:38:16+10:00] ACTIVE group=1 id=32735138 name=RQ3B-1 state=RUNNING elapsed=1:32:17 limit=2:00:00 partition=h2gpu node=g025 reason=g025
[2026-09-21T22:38:18+10:00] STATUS group=2 models=Mistral completed=2880/2880 active_jobs=0
[2026-09-21T22:38:18+10:00] ACTIVE group=2 none
[2026-09-21T22:38:20+10:00] STATUS group=3 models=Llama3.1 DeepSeek completed=2880/5760 active_jobs=1
[2026-09-21T22:38:20+10:00] ACTIVE group=3 id=32735139 name=RQ3B-3 state=RUNNING elapsed=1:32:16 limit=2:00:00 partition=h2gpu node=g025 reason=g025
[2026-09-21T22:43:25+10:00] STATUS group=1 models=Gemma Qwen completed=4869/5760 active_jobs=1
[2026-09-21T22:43:25+10:00] ACTIVE group=1 id=32735138 name=RQ3B-1 state=RUNNING elapsed=1:37:26 limit=2:00:00 partition=h2gpu node=g025 reason=g025
[2026-09-21T22:43:27+10:00] STATUS group=2 models=Mistral completed=2880/2880 active_jobs=0
[2026-09-21T22:43:27+10:00] ACTIVE group=2 none
[2026-09-21T22:43:29+10:00] STATUS group=3 models=Llama3.1 DeepSeek completed=2880/5760 active_jobs=1
[2026-09-21T22:43:29+10:00] ACTIVE group=3 id=32735139 name=RQ3B-3 state=RUNNING elapsed=1:37:25 limit=2:00:00 partition=h2gpu node=g025 reason=g025
[2026-09-21T22:48:33+10:00] STATUS group=1 models=Gemma Qwen completed=4895/5760 active_jobs=1
[2026-09-21T22:48:33+10:00] ACTIVE group=1 id=32735138 name=RQ3B-1 state=RUNNING elapsed=1:42:34 limit=2:00:00 partition=h2gpu node=g025 reason=g025
[2026-09-21T22:48:35+10:00] STATUS group=2 models=Mistral completed=2880/2880 active_jobs=0
[2026-09-21T22:48:35+10:00] ACTIVE group=2 none
[2026-09-21T22:48:37+10:00] STATUS group=3 models=Llama3.1 DeepSeek completed=2880/5760 active_jobs=1
[2026-09-21T22:48:37+10:00] ACTIVE group=3 id=32735139 name=RQ3B-3 state=RUNNING elapsed=1:42:33 limit=2:00:00 partition=h2gpu node=g025 reason=g025
[2026-09-21T22:53:40+10:00] STATUS group=1 models=Gemma Qwen completed=4914/5760 active_jobs=1
[2026-09-21T22:53:40+10:00] ACTIVE group=1 id=32735138 name=RQ3B-1 state=RUNNING elapsed=1:47:41 limit=2:00:00 partition=h2gpu node=g025 reason=g025
[2026-09-21T22:53:42+10:00] STATUS group=2 models=Mistral completed=2880/2880 active_jobs=0
[2026-09-21T22:53:42+10:00] ACTIVE group=2 none
[2026-09-21T22:53:45+10:00] STATUS group=3 models=Llama3.1 DeepSeek completed=2880/5760 active_jobs=1
[2026-09-21T22:53:45+10:00] ACTIVE group=3 id=32735139 name=RQ3B-3 state=RUNNING elapsed=1:47:41 limit=2:00:00 partition=h2gpu node=g025 reason=g025
[2026-09-21T22:58:49+10:00] STATUS group=1 models=Gemma Qwen completed=4932/5760 active_jobs=1
[2026-09-21T22:58:49+10:00] ACTIVE group=1 id=32735138 name=RQ3B-1 state=RUNNING elapsed=1:52:50 limit=2:00:00 partition=h2gpu node=g025 reason=g025
[2026-09-21T22:58:51+10:00] STATUS group=2 models=Mistral completed=2880/2880 active_jobs=0
[2026-09-21T22:58:51+10:00] ACTIVE group=2 none
[2026-09-21T22:58:53+10:00] STATUS group=3 models=Llama3.1 DeepSeek completed=2880/5760 active_jobs=1
[2026-09-21T22:58:53+10:00] ACTIVE group=3 id=32735139 name=RQ3B-3 state=RUNNING elapsed=1:52:49 limit=2:00:00 partition=h2gpu node=g025 reason=g025
[2026-09-21T23:03:58+10:00] STATUS group=1 models=Gemma Qwen completed=4950/5760 active_jobs=1
[2026-09-21T23:03:58+10:00] ACTIVE group=1 id=32735138 name=RQ3B-1 state=RUNNING elapsed=1:57:59 limit=2:00:00 partition=h2gpu node=g025 reason=g025
[2026-09-21T23:04:00+10:00] STATUS group=2 models=Mistral completed=2880/2880 active_jobs=0
[2026-09-21T23:04:00+10:00] ACTIVE group=2 none
[2026-09-21T23:04:02+10:00] STATUS group=3 models=Llama3.1 DeepSeek completed=2880/5760 active_jobs=1
[2026-09-21T23:04:02+10:00] ACTIVE group=3 id=32735139 name=RQ3B-3 state=RUNNING elapsed=1:57:58 limit=2:00:00 partition=h2gpu node=g025 reason=g025
[2026-09-21T23:09:05+10:00] STATUS group=1 models=Gemma Qwen completed=4959/5760 active_jobs=0
[2026-09-21T23:09:05+10:00] ACTIVE group=1 none
[2026-09-21T23:09:05+10:00] SUBMIT group=1 job=RQ3B-1 id=32753733
[2026-09-21T23:09:07+10:00] STATUS group=2 models=Mistral completed=2880/2880 active_jobs=0
[2026-09-21T23:09:07+10:00] ACTIVE group=2 none
[2026-09-21T23:09:09+10:00] STATUS group=3 models=Llama3.1 DeepSeek completed=2880/5760 active_jobs=0
[2026-09-21T23:09:09+10:00] ACTIVE group=3 none
[2026-09-21T23:09:09+10:00] SUBMIT group=3 job=RQ3B-3 id=32753734
[2026-09-21T23:14:13+10:00] STATUS group=1 models=Gemma Qwen completed=4967/5760 active_jobs=1
[2026-09-21T23:14:13+10:00] ACTIVE group=1 id=32753733 name=RQ3B-1 state=RUNNING elapsed=5:07 limit=2:00:00 partition=h2gpu node=g003 reason=g003
[2026-09-21T23:14:15+10:00] STATUS group=2 models=Mistral completed=2880/2880 active_jobs=0
[2026-09-21T23:14:15+10:00] ACTIVE group=2 none
[2026-09-21T23:14:17+10:00] STATUS group=3 models=Llama3.1 DeepSeek completed=2880/5760 active_jobs=1
[2026-09-21T23:14:17+10:00] ACTIVE group=3 id=32753734 name=RQ3B-3 state=RUNNING elapsed=5:07 limit=2:00:00 partition=h2gpu node=g003 reason=g003
[2026-09-21T23:19:21+10:00] STATUS group=1 models=Gemma Qwen completed=4990/5760 active_jobs=1
[2026-09-21T23:19:21+10:00] ACTIVE group=1 id=32753733 name=RQ3B-1 state=RUNNING elapsed=10:15 limit=2:00:00 partition=h2gpu node=g003 reason=g003
[2026-09-21T23:19:23+10:00] STATUS group=2 models=Mistral completed=2880/2880 active_jobs=0
[2026-09-21T23:19:23+10:00] ACTIVE group=2 none
[2026-09-21T23:19:25+10:00] STATUS group=3 models=Llama3.1 DeepSeek completed=2880/5760 active_jobs=1
[2026-09-21T23:19:25+10:00] ACTIVE group=3 id=32753734 name=RQ3B-3 state=RUNNING elapsed=10:15 limit=2:00:00 partition=h2gpu node=g003 reason=g003
[2026-09-21T23:24:29+10:00] STATUS group=1 models=Gemma Qwen completed=5009/5760 active_jobs=1
[2026-09-21T23:24:29+10:00] ACTIVE group=1 id=32753733 name=RQ3B-1 state=RUNNING elapsed=15:23 limit=2:00:00 partition=h2gpu node=g003 reason=g003
[2026-09-21T23:24:31+10:00] STATUS group=2 models=Mistral completed=2880/2880 active_jobs=0
[2026-09-21T23:24:31+10:00] ACTIVE group=2 none
[2026-09-21T23:24:33+10:00] STATUS group=3 models=Llama3.1 DeepSeek completed=2880/5760 active_jobs=1
[2026-09-21T23:24:33+10:00] ACTIVE group=3 id=32753734 name=RQ3B-3 state=RUNNING elapsed=15:23 limit=2:00:00 partition=h2gpu node=g003 reason=g003
[2026-09-21T23:29:36+10:00] STATUS group=1 models=Gemma Qwen completed=5029/5760 active_jobs=1
[2026-09-21T23:29:36+10:00] ACTIVE group=1 id=32753733 name=RQ3B-1 state=RUNNING elapsed=20:30 limit=2:00:00 partition=h2gpu node=g003 reason=g003
[2026-09-21T23:29:38+10:00] STATUS group=2 models=Mistral completed=2880/2880 active_jobs=0
[2026-09-21T23:29:39+10:00] ACTIVE group=2 none
[2026-09-21T23:29:41+10:00] STATUS group=3 models=Llama3.1 DeepSeek completed=2880/5760 active_jobs=1
[2026-09-21T23:29:41+10:00] ACTIVE group=3 id=32753734 name=RQ3B-3 state=RUNNING elapsed=20:31 limit=2:00:00 partition=h2gpu node=g003 reason=g003
[2026-09-21T23:34:44+10:00] STATUS group=1 models=Gemma Qwen completed=5048/5760 active_jobs=1
[2026-09-21T23:34:44+10:00] ACTIVE group=1 id=32753733 name=RQ3B-1 state=RUNNING elapsed=25:38 limit=2:00:00 partition=h2gpu node=g003 reason=g003
[2026-09-21T23:34:47+10:00] STATUS group=2 models=Mistral completed=2880/2880 active_jobs=0
[2026-09-21T23:34:47+10:00] ACTIVE group=2 none
[2026-09-21T23:34:49+10:00] STATUS group=3 models=Llama3.1 DeepSeek completed=2880/5760 active_jobs=1
[2026-09-21T23:34:49+10:00] ACTIVE group=3 id=32753734 name=RQ3B-3 state=RUNNING elapsed=25:39 limit=2:00:00 partition=h2gpu node=g003 reason=g003
[2026-09-21T23:39:52+10:00] STATUS group=1 models=Gemma Qwen completed=5068/5760 active_jobs=1
[2026-09-21T23:39:52+10:00] ACTIVE group=1 id=32753733 name=RQ3B-1 state=RUNNING elapsed=30:46 limit=2:00:00 partition=h2gpu node=g003 reason=g003
[2026-09-21T23:39:54+10:00] STATUS group=2 models=Mistral completed=2880/2880 active_jobs=0
[2026-09-21T23:39:55+10:00] ACTIVE group=2 none
[2026-09-21T23:39:57+10:00] STATUS group=3 models=Llama3.1 DeepSeek completed=2880/5760 active_jobs=1
[2026-09-21T23:39:57+10:00] ACTIVE group=3 id=32753734 name=RQ3B-3 state=RUNNING elapsed=30:47 limit=2:00:00 partition=h2gpu node=g003 reason=g003
[2026-09-21T23:45:00+10:00] STATUS group=1 models=Gemma Qwen completed=5096/5760 active_jobs=1
[2026-09-21T23:45:00+10:00] ACTIVE group=1 id=32753733 name=RQ3B-1 state=RUNNING elapsed=35:54 limit=2:00:00 partition=h2gpu node=g003 reason=g003
[2026-09-21T23:45:02+10:00] STATUS group=2 models=Mistral completed=2880/2880 active_jobs=0
[2026-09-21T23:45:02+10:00] ACTIVE group=2 none
[2026-09-21T23:45:06+10:00] STATUS group=3 models=Llama3.1 DeepSeek completed=2880/5760 active_jobs=1
[2026-09-21T23:45:06+10:00] ACTIVE group=3 id=32753734 name=RQ3B-3 state=RUNNING elapsed=35:56 limit=2:00:00 partition=h2gpu node=g003 reason=g003
[2026-09-21T23:50:10+10:00] STATUS group=1 models=Gemma Qwen completed=5138/5760 active_jobs=1
[2026-09-21T23:50:10+10:00] ACTIVE group=1 id=32753733 name=RQ3B-1 state=RUNNING elapsed=41:04 limit=2:00:00 partition=h2gpu node=g003 reason=g003
[2026-09-21T23:50:12+10:00] STATUS group=2 models=Mistral completed=2880/2880 active_jobs=0
[2026-09-21T23:50:12+10:00] ACTIVE group=2 none
[2026-09-21T23:50:15+10:00] STATUS group=3 models=Llama3.1 DeepSeek completed=2880/5760 active_jobs=1
[2026-09-21T23:50:15+10:00] ACTIVE group=3 id=32753734 name=RQ3B-3 state=RUNNING elapsed=41:05 limit=2:00:00 partition=h2gpu node=g003 reason=g003
[2026-09-21T23:55:18+10:00] STATUS group=1 models=Gemma Qwen completed=5185/5760 active_jobs=1
[2026-09-21T23:55:18+10:00] ACTIVE group=1 id=32753733 name=RQ3B-1 state=RUNNING elapsed=46:12 limit=2:00:00 partition=h2gpu node=g003 reason=g003
[2026-09-21T23:55:21+10:00] STATUS group=2 models=Mistral completed=2880/2880 active_jobs=0
[2026-09-21T23:55:21+10:00] ACTIVE group=2 none
[2026-09-21T23:55:23+10:00] STATUS group=3 models=Llama3.1 DeepSeek completed=2880/5760 active_jobs=1
[2026-09-21T23:55:23+10:00] ACTIVE group=3 id=32753734 name=RQ3B-3 state=RUNNING elapsed=46:13 limit=2:00:00 partition=h2gpu node=g003 reason=g003
[2026-09-22T00:00:26+10:00] STATUS group=1 models=Gemma Qwen completed=5197/5760 active_jobs=1
[2026-09-22T00:00:26+10:00] ACTIVE group=1 id=32753733 name=RQ3B-1 state=RUNNING elapsed=51:20 limit=2:00:00 partition=h2gpu node=g003 reason=g003
[2026-09-22T00:00:29+10:00] STATUS group=2 models=Mistral completed=2880/2880 active_jobs=0
[2026-09-22T00:00:29+10:00] ACTIVE group=2 none
[2026-09-22T00:00:31+10:00] STATUS group=3 models=Llama3.1 DeepSeek completed=2880/5760 active_jobs=1
[2026-09-22T00:00:31+10:00] ACTIVE group=3 id=32753734 name=RQ3B-3 state=RUNNING elapsed=51:21 limit=2:00:00 partition=h2gpu node=g003 reason=g003
[2026-09-22T00:05:35+10:00] STATUS group=1 models=Gemma Qwen completed=5214/5760 active_jobs=1
[2026-09-22T00:05:35+10:00] ACTIVE group=1 id=32753733 name=RQ3B-1 state=RUNNING elapsed=56:29 limit=2:00:00 partition=h2gpu node=g003 reason=g003
[2026-09-22T00:05:36+10:00] STATUS group=2 models=Mistral completed=2880/2880 active_jobs=0
[2026-09-22T00:05:36+10:00] ACTIVE group=2 none
[2026-09-22T00:05:38+10:00] STATUS group=3 models=Llama3.1 DeepSeek completed=2880/5760 active_jobs=1
[2026-09-22T00:05:38+10:00] ACTIVE group=3 id=32753734 name=RQ3B-3 state=RUNNING elapsed=56:28 limit=2:00:00 partition=h2gpu node=g003 reason=g003
[2026-09-22T00:10:42+10:00] STATUS group=1 models=Gemma Qwen completed=5233/5760 active_jobs=1
[2026-09-22T00:10:42+10:00] ACTIVE group=1 id=32753733 name=RQ3B-1 state=RUNNING elapsed=1:01:36 limit=2:00:00 partition=h2gpu node=g003 reason=g003
[2026-09-22T00:10:45+10:00] STATUS group=2 models=Mistral completed=2880/2880 active_jobs=0
[2026-09-22T00:10:45+10:00] ACTIVE group=2 none
[2026-09-22T00:10:47+10:00] STATUS group=3 models=Llama3.1 DeepSeek completed=2880/5760 active_jobs=1
[2026-09-22T00:10:47+10:00] ACTIVE group=3 id=32753734 name=RQ3B-3 state=RUNNING elapsed=1:01:37 limit=2:00:00 partition=h2gpu node=g003 reason=g003
[2026-09-22T00:15:50+10:00] STATUS group=1 models=Gemma Qwen completed=5252/5760 active_jobs=1
[2026-09-22T00:15:50+10:00] ACTIVE group=1 id=32753733 name=RQ3B-1 state=RUNNING elapsed=1:06:44 limit=2:00:00 partition=h2gpu node=g003 reason=g003
[2026-09-22T00:15:52+10:00] STATUS group=2 models=Mistral completed=2880/2880 active_jobs=0
[2026-09-22T00:15:52+10:00] ACTIVE group=2 none
[2026-09-22T00:15:55+10:00] STATUS group=3 models=Llama3.1 DeepSeek completed=2880/5760 active_jobs=1
[2026-09-22T00:15:55+10:00] ACTIVE group=3 id=32753734 name=RQ3B-3 state=RUNNING elapsed=1:06:45 limit=2:00:00 partition=h2gpu node=g003 reason=g003
[2026-09-22T00:20:58+10:00] STATUS group=1 models=Gemma Qwen completed=5269/5760 active_jobs=1
[2026-09-22T00:20:58+10:00] ACTIVE group=1 id=32753733 name=RQ3B-1 state=RUNNING elapsed=1:11:52 limit=2:00:00 partition=h2gpu node=g003 reason=g003
[2026-09-22T00:21:00+10:00] STATUS group=2 models=Mistral completed=2880/2880 active_jobs=0
[2026-09-22T00:21:01+10:00] ACTIVE group=2 none
[2026-09-22T00:21:03+10:00] STATUS group=3 models=Llama3.1 DeepSeek completed=2880/5760 active_jobs=1
[2026-09-22T00:21:03+10:00] ACTIVE group=3 id=32753734 name=RQ3B-3 state=RUNNING elapsed=1:11:53 limit=2:00:00 partition=h2gpu node=g003 reason=g003
[2026-09-22T00:26:06+10:00] STATUS group=1 models=Gemma Qwen completed=5287/5760 active_jobs=1
[2026-09-22T00:26:06+10:00] ACTIVE group=1 id=32753733 name=RQ3B-1 state=RUNNING elapsed=1:17:00 limit=2:00:00 partition=h2gpu node=g003 reason=g003
[2026-09-22T00:26:08+10:00] STATUS group=2 models=Mistral completed=2880/2880 active_jobs=0
[2026-09-22T00:26:09+10:00] ACTIVE group=2 none
[2026-09-22T00:26:11+10:00] STATUS group=3 models=Llama3.1 DeepSeek completed=2880/5760 active_jobs=1
[2026-09-22T00:26:11+10:00] ACTIVE group=3 id=32753734 name=RQ3B-3 state=RUNNING elapsed=1:17:01 limit=2:00:00 partition=h2gpu node=g003 reason=g003
[2026-09-22T00:31:14+10:00] STATUS group=1 models=Gemma Qwen completed=5305/5760 active_jobs=1
[2026-09-22T00:31:14+10:00] ACTIVE group=1 id=32753733 name=RQ3B-1 state=RUNNING elapsed=1:22:08 limit=2:00:00 partition=h2gpu node=g003 reason=g003
[2026-09-22T00:31:16+10:00] STATUS group=2 models=Mistral completed=2880/2880 active_jobs=0
[2026-09-22T00:31:16+10:00] ACTIVE group=2 none
[2026-09-22T00:31:18+10:00] STATUS group=3 models=Llama3.1 DeepSeek completed=2880/5760 active_jobs=1
[2026-09-22T00:31:18+10:00] ACTIVE group=3 id=32753734 name=RQ3B-3 state=RUNNING elapsed=1:22:08 limit=2:00:00 partition=h2gpu node=g003 reason=g003
[2026-09-22T00:36:22+10:00] STATUS group=1 models=Gemma Qwen completed=5322/5760 active_jobs=1
[2026-09-22T00:36:22+10:00] ACTIVE group=1 id=32753733 name=RQ3B-1 state=RUNNING elapsed=1:27:16 limit=2:00:00 partition=h2gpu node=g003 reason=g003
[2026-09-22T00:36:24+10:00] STATUS group=2 models=Mistral completed=2880/2880 active_jobs=0
[2026-09-22T00:36:24+10:00] ACTIVE group=2 none
[2026-09-22T00:36:26+10:00] STATUS group=3 models=Llama3.1 DeepSeek completed=2880/5760 active_jobs=1
[2026-09-22T00:36:26+10:00] ACTIVE group=3 id=32753734 name=RQ3B-3 state=RUNNING elapsed=1:27:16 limit=2:00:00 partition=h2gpu node=g003 reason=g003
[2026-09-22T00:41:30+10:00] STATUS group=1 models=Gemma Qwen completed=5344/5760 active_jobs=1
[2026-09-22T00:41:30+10:00] ACTIVE group=1 id=32753733 name=RQ3B-1 state=RUNNING elapsed=1:32:24 limit=2:00:00 partition=h2gpu node=g003 reason=g003
[2026-09-22T00:41:32+10:00] STATUS group=2 models=Mistral completed=2880/2880 active_jobs=0
[2026-09-22T00:41:32+10:00] ACTIVE group=2 none
[2026-09-22T00:41:34+10:00] STATUS group=3 models=Llama3.1 DeepSeek completed=2880/5760 active_jobs=1
[2026-09-22T00:41:34+10:00] ACTIVE group=3 id=32753734 name=RQ3B-3 state=RUNNING elapsed=1:32:24 limit=2:00:00 partition=h2gpu node=g003 reason=g003
[2026-09-22T00:46:38+10:00] STATUS group=1 models=Gemma Qwen completed=5369/5760 active_jobs=1
[2026-09-22T00:46:38+10:00] ACTIVE group=1 id=32753733 name=RQ3B-1 state=RUNNING elapsed=1:37:32 limit=2:00:00 partition=h2gpu node=g003 reason=g003
[2026-09-22T00:46:40+10:00] STATUS group=2 models=Mistral completed=2880/2880 active_jobs=0
[2026-09-22T00:46:40+10:00] ACTIVE group=2 none
[2026-09-22T00:46:42+10:00] STATUS group=3 models=Llama3.1 DeepSeek completed=2880/5760 active_jobs=1
[2026-09-22T00:46:42+10:00] ACTIVE group=3 id=32753734 name=RQ3B-3 state=RUNNING elapsed=1:37:32 limit=2:00:00 partition=h2gpu node=g003 reason=g003
[2026-09-22T00:51:46+10:00] STATUS group=1 models=Gemma Qwen completed=5389/5760 active_jobs=1
[2026-09-22T00:51:46+10:00] ACTIVE group=1 id=32753733 name=RQ3B-1 state=RUNNING elapsed=1:42:40 limit=2:00:00 partition=h2gpu node=g003 reason=g003
[2026-09-22T00:51:48+10:00] STATUS group=2 models=Mistral completed=2880/2880 active_jobs=0
[2026-09-22T00:51:48+10:00] ACTIVE group=2 none
[2026-09-22T00:51:50+10:00] STATUS group=3 models=Llama3.1 DeepSeek completed=2880/5760 active_jobs=1
[2026-09-22T00:51:50+10:00] ACTIVE group=3 id=32753734 name=RQ3B-3 state=RUNNING elapsed=1:42:40 limit=2:00:00 partition=h2gpu node=g003 reason=g003
[2026-09-22T00:56:53+10:00] STATUS group=1 models=Gemma Qwen completed=5408/5760 active_jobs=1
[2026-09-22T00:56:53+10:00] ACTIVE group=1 id=32753733 name=RQ3B-1 state=RUNNING elapsed=1:47:47 limit=2:00:00 partition=h2gpu node=g003 reason=g003
[2026-09-22T00:56:55+10:00] STATUS group=2 models=Mistral completed=2880/2880 active_jobs=0
[2026-09-22T00:56:55+10:00] ACTIVE group=2 none
[2026-09-22T00:56:57+10:00] STATUS group=3 models=Llama3.1 DeepSeek completed=2880/5760 active_jobs=1
[2026-09-22T00:56:57+10:00] ACTIVE group=3 id=32753734 name=RQ3B-3 state=RUNNING elapsed=1:47:47 limit=2:00:00 partition=h2gpu node=g003 reason=g003
[2026-09-22T01:02:01+10:00] STATUS group=1 models=Gemma Qwen completed=5428/5760 active_jobs=1
[2026-09-22T01:02:01+10:00] ACTIVE group=1 id=32753733 name=RQ3B-1 state=RUNNING elapsed=1:52:55 limit=2:00:00 partition=h2gpu node=g003 reason=g003
[2026-09-22T01:02:03+10:00] STATUS group=2 models=Mistral completed=2880/2880 active_jobs=0
[2026-09-22T01:02:03+10:00] ACTIVE group=2 none
[2026-09-22T01:02:05+10:00] STATUS group=3 models=Llama3.1 DeepSeek completed=2880/5760 active_jobs=1
[2026-09-22T01:02:05+10:00] ACTIVE group=3 id=32753734 name=RQ3B-3 state=RUNNING elapsed=1:52:55 limit=2:00:00 partition=h2gpu node=g003 reason=g003
[2026-09-22T01:07:10+10:00] STATUS group=1 models=Gemma Qwen completed=5449/5760 active_jobs=1
[2026-09-22T01:07:10+10:00] ACTIVE group=1 id=32753733 name=RQ3B-1 state=RUNNING elapsed=1:58:04 limit=2:00:00 partition=h2gpu node=g003 reason=g003
[2026-09-22T01:07:12+10:00] STATUS group=2 models=Mistral completed=2880/2880 active_jobs=0
[2026-09-22T01:07:12+10:00] ACTIVE group=2 none
[2026-09-22T01:07:14+10:00] STATUS group=3 models=Llama3.1 DeepSeek completed=2880/5760 active_jobs=1
[2026-09-22T01:07:14+10:00] ACTIVE group=3 id=32753734 name=RQ3B-3 state=RUNNING elapsed=1:58:04 limit=2:00:00 partition=h2gpu node=g003 reason=g003
[2026-09-22T01:12:18+10:00] STATUS group=1 models=Gemma Qwen completed=5458/5760 active_jobs=0
[2026-09-22T01:12:18+10:00] ACTIVE group=1 none
[2026-09-22T01:12:18+10:00] SUBMIT group=1 job=RQ3B-1 id=32758449
[2026-09-22T01:12:20+10:00] STATUS group=2 models=Mistral completed=2880/2880 active_jobs=0
[2026-09-22T01:12:20+10:00] ACTIVE group=2 none
[2026-09-22T01:12:22+10:00] STATUS group=3 models=Llama3.1 DeepSeek completed=2880/5760 active_jobs=0
[2026-09-22T01:12:22+10:00] ACTIVE group=3 none
[2026-09-22T01:12:22+10:00] SUBMIT group=3 job=RQ3B-3 id=32758450
[2026-09-22T01:17:26+10:00] STATUS group=1 models=Gemma Qwen completed=5464/5760 active_jobs=1
[2026-09-22T01:17:26+10:00] ACTIVE group=1 id=32758449 name=RQ3B-1 state=RUNNING elapsed=5:07 limit=2:00:00 partition=h2gpu node=g110 reason=g110
[2026-09-22T01:17:28+10:00] STATUS group=2 models=Mistral completed=2880/2880 active_jobs=0
[2026-09-22T01:17:28+10:00] ACTIVE group=2 none
[2026-09-22T01:17:30+10:00] STATUS group=3 models=Llama3.1 DeepSeek completed=2880/5760 active_jobs=1
[2026-09-22T01:17:30+10:00] ACTIVE group=3 id=32758450 name=RQ3B-3 state=RUNNING elapsed=5:07 limit=2:00:00 partition=h2gpu node=g008 reason=g008
[2026-09-22T01:22:34+10:00] STATUS group=1 models=Gemma Qwen completed=5475/5760 active_jobs=1
[2026-09-22T01:22:34+10:00] ACTIVE group=1 id=32758449 name=RQ3B-1 state=RUNNING elapsed=10:15 limit=2:00:00 partition=h2gpu node=g110 reason=g110
[2026-09-22T01:22:36+10:00] STATUS group=2 models=Mistral completed=2880/2880 active_jobs=0
[2026-09-22T01:22:36+10:00] ACTIVE group=2 none
[2026-09-22T01:22:39+10:00] STATUS group=3 models=Llama3.1 DeepSeek completed=2880/5760 active_jobs=1
[2026-09-22T01:22:39+10:00] ACTIVE group=3 id=32758450 name=RQ3B-3 state=RUNNING elapsed=10:16 limit=2:00:00 partition=h2gpu node=g008 reason=g008
[2026-09-22T01:27:43+10:00] STATUS group=1 models=Gemma Qwen completed=5489/5760 active_jobs=1
[2026-09-22T01:27:43+10:00] ACTIVE group=1 id=32758449 name=RQ3B-1 state=RUNNING elapsed=15:24 limit=2:00:00 partition=h2gpu node=g110 reason=g110
[2026-09-22T01:27:45+10:00] STATUS group=2 models=Mistral completed=2880/2880 active_jobs=0
[2026-09-22T01:27:45+10:00] ACTIVE group=2 none
[2026-09-22T01:27:47+10:00] STATUS group=3 models=Llama3.1 DeepSeek completed=2880/5760 active_jobs=1
[2026-09-22T01:27:47+10:00] ACTIVE group=3 id=32758450 name=RQ3B-3 state=RUNNING elapsed=15:24 limit=2:00:00 partition=h2gpu node=g008 reason=g008
[2026-09-22T01:32:50+10:00] STATUS group=1 models=Gemma Qwen completed=5501/5760 active_jobs=1
[2026-09-22T01:32:50+10:00] ACTIVE group=1 id=32758449 name=RQ3B-1 state=RUNNING elapsed=20:31 limit=2:00:00 partition=h2gpu node=g110 reason=g110
[2026-09-22T01:32:52+10:00] STATUS group=2 models=Mistral completed=2880/2880 active_jobs=0
[2026-09-22T01:32:53+10:00] ACTIVE group=2 none
[2026-09-22T01:32:55+10:00] STATUS group=3 models=Llama3.1 DeepSeek completed=2880/5760 active_jobs=1
[2026-09-22T01:32:55+10:00] ACTIVE group=3 id=32758450 name=RQ3B-3 state=RUNNING elapsed=20:32 limit=2:00:00 partition=h2gpu node=g008 reason=g008
[2026-09-22T01:38:00+10:00] STATUS group=1 models=Gemma Qwen completed=5513/5760 active_jobs=1
[2026-09-22T01:38:00+10:00] ACTIVE group=1 id=32758449 name=RQ3B-1 state=RUNNING elapsed=25:41 limit=2:00:00 partition=h2gpu node=g110 reason=g110
[2026-09-22T01:38:02+10:00] STATUS group=2 models=Mistral completed=2880/2880 active_jobs=0
[2026-09-22T01:38:02+10:00] ACTIVE group=2 none
[2026-09-22T01:38:04+10:00] STATUS group=3 models=Llama3.1 DeepSeek completed=2880/5760 active_jobs=1
[2026-09-22T01:38:04+10:00] ACTIVE group=3 id=32758450 name=RQ3B-3 state=RUNNING elapsed=25:41 limit=2:00:00 partition=h2gpu node=g008 reason=g008
[2026-09-22T01:43:08+10:00] STATUS group=1 models=Gemma Qwen completed=5525/5760 active_jobs=1
[2026-09-22T01:43:08+10:00] ACTIVE group=1 id=32758449 name=RQ3B-1 state=RUNNING elapsed=30:49 limit=2:00:00 partition=h2gpu node=g110 reason=g110
[2026-09-22T01:43:10+10:00] STATUS group=2 models=Mistral completed=2880/2880 active_jobs=0
[2026-09-22T01:43:10+10:00] ACTIVE group=2 none
[2026-09-22T01:43:12+10:00] STATUS group=3 models=Llama3.1 DeepSeek completed=2880/5760 active_jobs=1
[2026-09-22T01:43:12+10:00] ACTIVE group=3 id=32758450 name=RQ3B-3 state=RUNNING elapsed=30:49 limit=2:00:00 partition=h2gpu node=g008 reason=g008
[2026-09-22T01:48:16+10:00] STATUS group=1 models=Gemma Qwen completed=5539/5760 active_jobs=1
[2026-09-22T01:48:16+10:00] ACTIVE group=1 id=32758449 name=RQ3B-1 state=RUNNING elapsed=35:57 limit=2:00:00 partition=h2gpu node=g110 reason=g110
[2026-09-22T01:48:18+10:00] STATUS group=2 models=Mistral completed=2880/2880 active_jobs=0
[2026-09-22T01:48:18+10:00] ACTIVE group=2 none
[2026-09-22T01:48:20+10:00] STATUS group=3 models=Llama3.1 DeepSeek completed=2880/5760 active_jobs=1
[2026-09-22T01:48:20+10:00] ACTIVE group=3 id=32758450 name=RQ3B-3 state=RUNNING elapsed=35:57 limit=2:00:00 partition=h2gpu node=g008 reason=g008
[2026-09-22T01:53:24+10:00] STATUS group=1 models=Gemma Qwen completed=5552/5760 active_jobs=1
[2026-09-22T01:53:24+10:00] ACTIVE group=1 id=32758449 name=RQ3B-1 state=RUNNING elapsed=41:05 limit=2:00:00 partition=h2gpu node=g110 reason=g110
[2026-09-22T01:53:26+10:00] STATUS group=2 models=Mistral completed=2880/2880 active_jobs=0
[2026-09-22T01:53:26+10:00] ACTIVE group=2 none
[2026-09-22T01:53:28+10:00] STATUS group=3 models=Llama3.1 DeepSeek completed=2880/5760 active_jobs=1
[2026-09-22T01:53:28+10:00] ACTIVE group=3 id=32758450 name=RQ3B-3 state=RUNNING elapsed=41:05 limit=2:00:00 partition=h2gpu node=g008 reason=g008
[2026-09-22T01:58:34+10:00] STATUS group=1 models=Gemma Qwen completed=5568/5760 active_jobs=1
[2026-09-22T01:58:34+10:00] ACTIVE group=1 id=32758449 name=RQ3B-1 state=RUNNING elapsed=46:15 limit=2:00:00 partition=h2gpu node=g110 reason=g110
[2026-09-22T01:58:38+10:00] STATUS group=2 models=Mistral completed=2880/2880 active_jobs=0
[2026-09-22T01:58:38+10:00] ACTIVE group=2 none
[2026-09-22T01:58:40+10:00] STATUS group=3 models=Llama3.1 DeepSeek completed=2880/5760 active_jobs=1
[2026-09-22T01:58:40+10:00] ACTIVE group=3 id=32758450 name=RQ3B-3 state=RUNNING elapsed=46:17 limit=2:00:00 partition=h2gpu node=g008 reason=g008
[2026-09-22T02:03:44+10:00] STATUS group=1 models=Gemma Qwen completed=5581/5760 active_jobs=1
[2026-09-22T02:03:44+10:00] ACTIVE group=1 id=32758449 name=RQ3B-1 state=RUNNING elapsed=51:25 limit=2:00:00 partition=h2gpu node=g110 reason=g110
[2026-09-22T02:03:46+10:00] STATUS group=2 models=Mistral completed=2880/2880 active_jobs=0
[2026-09-22T02:03:46+10:00] ACTIVE group=2 none
[2026-09-22T02:03:48+10:00] STATUS group=3 models=Llama3.1 DeepSeek completed=2880/5760 active_jobs=1
[2026-09-22T02:03:48+10:00] ACTIVE group=3 id=32758450 name=RQ3B-3 state=RUNNING elapsed=51:25 limit=2:00:00 partition=h2gpu node=g008 reason=g008
[2026-09-22T02:08:52+10:00] STATUS group=1 models=Gemma Qwen completed=5594/5760 active_jobs=1
[2026-09-22T02:08:52+10:00] ACTIVE group=1 id=32758449 name=RQ3B-1 state=RUNNING elapsed=56:33 limit=2:00:00 partition=h2gpu node=g110 reason=g110
[2026-09-22T02:08:54+10:00] STATUS group=2 models=Mistral completed=2880/2880 active_jobs=0
[2026-09-22T02:08:54+10:00] ACTIVE group=2 none
[2026-09-22T02:08:56+10:00] STATUS group=3 models=Llama3.1 DeepSeek completed=2880/5760 active_jobs=1
[2026-09-22T02:08:56+10:00] ACTIVE group=3 id=32758450 name=RQ3B-3 state=RUNNING elapsed=56:33 limit=2:00:00 partition=h2gpu node=g008 reason=g008
[2026-09-22T02:14:00+10:00] STATUS group=1 models=Gemma Qwen completed=5604/5760 active_jobs=1
[2026-09-22T02:14:00+10:00] ACTIVE group=1 id=32758449 name=RQ3B-1 state=RUNNING elapsed=1:01:41 limit=2:00:00 partition=h2gpu node=g110 reason=g110
[2026-09-22T02:14:04+10:00] STATUS group=2 models=Mistral completed=2880/2880 active_jobs=0
[2026-09-22T02:14:04+10:00] ACTIVE group=2 none
[2026-09-22T02:14:06+10:00] STATUS group=3 models=Llama3.1 DeepSeek completed=2880/5760 active_jobs=1
[2026-09-22T02:14:06+10:00] ACTIVE group=3 id=32758450 name=RQ3B-3 state=RUNNING elapsed=1:01:43 limit=2:00:00 partition=h2gpu node=g008 reason=g008
[2026-09-22T02:19:10+10:00] STATUS group=1 models=Gemma Qwen completed=5622/5760 active_jobs=1
[2026-09-22T02:19:10+10:00] ACTIVE group=1 id=32758449 name=RQ3B-1 state=RUNNING elapsed=1:06:51 limit=2:00:00 partition=h2gpu node=g110 reason=g110
[2026-09-22T02:19:12+10:00] STATUS group=2 models=Mistral completed=2880/2880 active_jobs=0
[2026-09-22T02:19:12+10:00] ACTIVE group=2 none
[2026-09-22T02:19:14+10:00] STATUS group=3 models=Llama3.1 DeepSeek completed=2880/5760 active_jobs=1
[2026-09-22T02:19:14+10:00] ACTIVE group=3 id=32758450 name=RQ3B-3 state=RUNNING elapsed=1:06:51 limit=2:00:00 partition=h2gpu node=g008 reason=g008
[2026-09-22T02:24:18+10:00] STATUS group=1 models=Gemma Qwen completed=5642/5760 active_jobs=1
[2026-09-22T02:24:18+10:00] ACTIVE group=1 id=32758449 name=RQ3B-1 state=RUNNING elapsed=1:11:59 limit=2:00:00 partition=h2gpu node=g110 reason=g110
[2026-09-22T02:24:20+10:00] STATUS group=2 models=Mistral completed=2880/2880 active_jobs=0
[2026-09-22T02:24:20+10:00] ACTIVE group=2 none
[2026-09-22T02:24:22+10:00] STATUS group=3 models=Llama3.1 DeepSeek completed=2880/5760 active_jobs=1
[2026-09-22T02:24:22+10:00] ACTIVE group=3 id=32758450 name=RQ3B-3 state=RUNNING elapsed=1:11:59 limit=2:00:00 partition=h2gpu node=g008 reason=g008
[2026-09-22T02:29:26+10:00] STATUS group=1 models=Gemma Qwen completed=5660/5760 active_jobs=1
[2026-09-22T02:29:26+10:00] ACTIVE group=1 id=32758449 name=RQ3B-1 state=RUNNING elapsed=1:17:07 limit=2:00:00 partition=h2gpu node=g110 reason=g110
[2026-09-22T02:29:29+10:00] STATUS group=2 models=Mistral completed=2880/2880 active_jobs=0
[2026-09-22T02:29:29+10:00] ACTIVE group=2 none
[2026-09-22T02:29:31+10:00] STATUS group=3 models=Llama3.1 DeepSeek completed=2880/5760 active_jobs=1
[2026-09-22T02:29:31+10:00] ACTIVE group=3 id=32758450 name=RQ3B-3 state=RUNNING elapsed=1:17:08 limit=2:00:00 partition=h2gpu node=g008 reason=g008
[2026-09-22T02:34:35+10:00] STATUS group=1 models=Gemma Qwen completed=5676/5760 active_jobs=1
[2026-09-22T02:34:35+10:00] ACTIVE group=1 id=32758449 name=RQ3B-1 state=RUNNING elapsed=1:22:16 limit=2:00:00 partition=h2gpu node=g110 reason=g110
[2026-09-22T02:34:37+10:00] STATUS group=2 models=Mistral completed=2880/2880 active_jobs=0
[2026-09-22T02:34:37+10:00] ACTIVE group=2 none
[2026-09-22T02:34:39+10:00] STATUS group=3 models=Llama3.1 DeepSeek completed=2880/5760 active_jobs=1
[2026-09-22T02:34:39+10:00] ACTIVE group=3 id=32758450 name=RQ3B-3 state=RUNNING elapsed=1:22:16 limit=2:00:00 partition=h2gpu node=g008 reason=g008
[2026-09-22T02:39:43+10:00] STATUS group=1 models=Gemma Qwen completed=5690/5760 active_jobs=1
[2026-09-22T02:39:43+10:00] ACTIVE group=1 id=32758449 name=RQ3B-1 state=RUNNING elapsed=1:27:24 limit=2:00:00 partition=h2gpu node=g110 reason=g110
[2026-09-22T02:39:45+10:00] STATUS group=2 models=Mistral completed=2880/2880 active_jobs=0
[2026-09-22T02:39:45+10:00] ACTIVE group=2 none
[2026-09-22T02:39:47+10:00] STATUS group=3 models=Llama3.1 DeepSeek completed=2880/5760 active_jobs=1
[2026-09-22T02:39:47+10:00] ACTIVE group=3 id=32758450 name=RQ3B-3 state=RUNNING elapsed=1:27:24 limit=2:00:00 partition=h2gpu node=g008 reason=g008
[2026-09-22T02:44:52+10:00] STATUS group=1 models=Gemma Qwen completed=5705/5760 active_jobs=1
[2026-09-22T02:44:52+10:00] ACTIVE group=1 id=32758449 name=RQ3B-1 state=RUNNING elapsed=1:32:33 limit=2:00:00 partition=h2gpu node=g110 reason=g110
[2026-09-22T02:44:54+10:00] STATUS group=2 models=Mistral completed=2880/2880 active_jobs=0
[2026-09-22T02:44:54+10:00] ACTIVE group=2 none
[2026-09-22T02:44:57+10:00] STATUS group=3 models=Llama3.1 DeepSeek completed=2880/5760 active_jobs=1
[2026-09-22T02:44:57+10:00] ACTIVE group=3 id=32758450 name=RQ3B-3 state=RUNNING elapsed=1:32:34 limit=2:00:00 partition=h2gpu node=g008 reason=g008
[2026-09-22T02:50:01+10:00] STATUS group=1 models=Gemma Qwen completed=5727/5760 active_jobs=1
[2026-09-22T02:50:01+10:00] ACTIVE group=1 id=32758449 name=RQ3B-1 state=RUNNING elapsed=1:37:42 limit=2:00:00 partition=h2gpu node=g110 reason=g110
[2026-09-22T02:50:03+10:00] STATUS group=2 models=Mistral completed=2880/2880 active_jobs=0
[2026-09-22T02:50:03+10:00] ACTIVE group=2 none
[2026-09-22T02:50:05+10:00] STATUS group=3 models=Llama3.1 DeepSeek completed=2880/5760 active_jobs=1
[2026-09-22T02:50:05+10:00] ACTIVE group=3 id=32758450 name=RQ3B-3 state=RUNNING elapsed=1:37:42 limit=2:00:00 partition=h2gpu node=g008 reason=g008
[2026-09-22T02:55:10+10:00] STATUS group=1 models=Gemma Qwen completed=5760/5760 active_jobs=1
[2026-09-22T02:55:10+10:00] ACTIVE group=1 id=32758449 name=RQ3B-1 state=RUNNING elapsed=1:42:51 limit=2:00:00 partition=h2gpu node=g110 reason=g110
[2026-09-22T02:55:12+10:00] STATUS group=2 models=Mistral completed=2880/2880 active_jobs=0
[2026-09-22T02:55:12+10:00] ACTIVE group=2 none
[2026-09-22T02:55:14+10:00] STATUS group=3 models=Llama3.1 DeepSeek completed=2880/5760 active_jobs=1
[2026-09-22T02:55:14+10:00] ACTIVE group=3 id=32758450 name=RQ3B-3 state=RUNNING elapsed=1:42:51 limit=2:00:00 partition=h2gpu node=g008 reason=g008
[2026-09-22T03:00:19+10:00] STATUS group=1 models=Gemma Qwen completed=5760/5760 active_jobs=0
[2026-09-22T03:00:19+10:00] ACTIVE group=1 none
[2026-09-22T03:00:21+10:00] STATUS group=2 models=Mistral completed=2880/2880 active_jobs=0
[2026-09-22T03:00:21+10:00] ACTIVE group=2 none
[2026-09-22T03:00:23+10:00] STATUS group=3 models=Llama3.1 DeepSeek completed=2880/5760 active_jobs=1
[2026-09-22T03:00:23+10:00] ACTIVE group=3 id=32758450 name=RQ3B-3 state=RUNNING elapsed=1:48:00 limit=2:00:00 partition=h2gpu node=g008 reason=g008
[2026-09-22T03:05:27+10:00] STATUS group=1 models=Gemma Qwen completed=5760/5760 active_jobs=0
[2026-09-22T03:05:27+10:00] ACTIVE group=1 none
[2026-09-22T03:05:29+10:00] STATUS group=2 models=Mistral completed=2880/2880 active_jobs=0
[2026-09-22T03:05:29+10:00] ACTIVE group=2 none
[2026-09-22T03:05:30+10:00] STATUS group=3 models=Llama3.1 DeepSeek completed=2880/5760 active_jobs=1
[2026-09-22T03:05:31+10:00] ACTIVE group=3 id=32758450 name=RQ3B-3 state=RUNNING elapsed=1:53:08 limit=2:00:00 partition=h2gpu node=g008 reason=g008
[2026-09-22T03:10:35+10:00] STATUS group=1 models=Gemma Qwen completed=5760/5760 active_jobs=0
[2026-09-22T03:10:35+10:00] ACTIVE group=1 none
[2026-09-22T03:10:37+10:00] STATUS group=2 models=Mistral completed=2880/2880 active_jobs=0
[2026-09-22T03:10:37+10:00] ACTIVE group=2 none
[2026-09-22T03:10:39+10:00] STATUS group=3 models=Llama3.1 DeepSeek completed=2880/5760 active_jobs=1
[2026-09-22T03:10:39+10:00] ACTIVE group=3 id=32758450 name=RQ3B-3 state=RUNNING elapsed=1:58:16 limit=2:00:00 partition=h2gpu node=g008 reason=g008
[2026-09-22T03:15:43+10:00] STATUS group=1 models=Gemma Qwen completed=5760/5760 active_jobs=0
[2026-09-22T03:15:43+10:00] ACTIVE group=1 none
[2026-09-22T03:15:47+10:00] STATUS group=2 models=Mistral completed=2880/2880 active_jobs=0
[2026-09-22T03:15:47+10:00] ACTIVE group=2 none
[2026-09-22T03:15:49+10:00] STATUS group=3 models=Llama3.1 DeepSeek completed=2880/5760 active_jobs=0
[2026-09-22T03:15:49+10:00] ACTIVE group=3 none
[2026-09-22T03:15:49+10:00] SUBMIT group=3 job=RQ3B-3 id=32761293
[2026-09-22T03:20:53+10:00] STATUS group=1 models=Gemma Qwen completed=5760/5760 active_jobs=0
[2026-09-22T03:20:53+10:00] ACTIVE group=1 none
[2026-09-22T03:20:55+10:00] STATUS group=2 models=Mistral completed=2880/2880 active_jobs=0
[2026-09-22T03:20:55+10:00] ACTIVE group=2 none
[2026-09-22T03:20:57+10:00] STATUS group=3 models=Llama3.1 DeepSeek completed=2880/5760 active_jobs=1
[2026-09-22T03:20:57+10:00] ACTIVE group=3 id=32761293 name=RQ3B-3 state=PENDING elapsed=0:00 limit=2:00:00 partition=h2gpu node= reason=(Resources)
[2026-09-22T03:26:01+10:00] STATUS group=1 models=Gemma Qwen completed=5760/5760 active_jobs=0
[2026-09-22T03:26:01+10:00] ACTIVE group=1 none
[2026-09-22T03:26:03+10:00] STATUS group=2 models=Mistral completed=2880/2880 active_jobs=0
[2026-09-22T03:26:03+10:00] ACTIVE group=2 none
[2026-09-22T03:26:05+10:00] STATUS group=3 models=Llama3.1 DeepSeek completed=2880/5760 active_jobs=1
[2026-09-22T03:26:05+10:00] ACTIVE group=3 id=32761293 name=RQ3B-3 state=RUNNING elapsed=1:55 limit=2:00:00 partition=h2gpu node=g022 reason=g022
[2026-09-22T03:31:09+10:00] STATUS group=1 models=Gemma Qwen completed=5760/5760 active_jobs=0
[2026-09-22T03:31:09+10:00] ACTIVE group=1 none
[2026-09-22T03:31:11+10:00] STATUS group=2 models=Mistral completed=2880/2880 active_jobs=0
[2026-09-22T03:31:11+10:00] ACTIVE group=2 none
[2026-09-22T03:31:13+10:00] STATUS group=3 models=Llama3.1 DeepSeek completed=2880/5760 active_jobs=1
[2026-09-22T03:31:13+10:00] ACTIVE group=3 id=32761293 name=RQ3B-3 state=RUNNING elapsed=7:03 limit=2:00:00 partition=h2gpu node=g022 reason=g022
[2026-09-22T03:36:18+10:00] STATUS group=1 models=Gemma Qwen completed=5760/5760 active_jobs=0
[2026-09-22T03:36:18+10:00] ACTIVE group=1 none
[2026-09-22T03:36:20+10:00] STATUS group=2 models=Mistral completed=2880/2880 active_jobs=0
[2026-09-22T03:36:20+10:00] ACTIVE group=2 none
[2026-09-22T03:36:22+10:00] STATUS group=3 models=Llama3.1 DeepSeek completed=2880/5760 active_jobs=1
[2026-09-22T03:36:22+10:00] ACTIVE group=3 id=32761293 name=RQ3B-3 state=RUNNING elapsed=12:12 limit=2:00:00 partition=h2gpu node=g022 reason=g022
[2026-09-22T03:41:25+10:00] STATUS group=1 models=Gemma Qwen completed=5760/5760 active_jobs=0
[2026-09-22T03:41:25+10:00] ACTIVE group=1 none
[2026-09-22T03:41:27+10:00] STATUS group=2 models=Mistral completed=2880/2880 active_jobs=0
[2026-09-22T03:41:27+10:00] ACTIVE group=2 none
[2026-09-22T03:41:30+10:00] STATUS group=3 models=Llama3.1 DeepSeek completed=2880/5760 active_jobs=1
[2026-09-22T03:41:30+10:00] ACTIVE group=3 id=32761293 name=RQ3B-3 state=RUNNING elapsed=17:20 limit=2:00:00 partition=h2gpu node=g022 reason=g022
[2026-09-22T03:46:34+10:00] STATUS group=1 models=Gemma Qwen completed=5760/5760 active_jobs=0
[2026-09-22T03:46:34+10:00] ACTIVE group=1 none
[2026-09-22T03:46:36+10:00] STATUS group=2 models=Mistral completed=2880/2880 active_jobs=0
[2026-09-22T03:46:36+10:00] ACTIVE group=2 none
[2026-09-22T03:46:38+10:00] STATUS group=3 models=Llama3.1 DeepSeek completed=2880/5760 active_jobs=1
[2026-09-22T03:46:38+10:00] ACTIVE group=3 id=32761293 name=RQ3B-3 state=RUNNING elapsed=22:28 limit=2:00:00 partition=h2gpu node=g022 reason=g022
[2026-09-22T03:51:42+10:00] STATUS group=1 models=Gemma Qwen completed=5760/5760 active_jobs=0
[2026-09-22T03:51:42+10:00] ACTIVE group=1 none
[2026-09-22T03:51:44+10:00] STATUS group=2 models=Mistral completed=2880/2880 active_jobs=0
[2026-09-22T03:51:44+10:00] ACTIVE group=2 none
[2026-09-22T03:51:46+10:00] STATUS group=3 models=Llama3.1 DeepSeek completed=2880/5760 active_jobs=1
[2026-09-22T03:51:46+10:00] ACTIVE group=3 id=32761293 name=RQ3B-3 state=RUNNING elapsed=27:36 limit=2:00:00 partition=h2gpu node=g022 reason=g022
[2026-09-22T03:56:50+10:00] STATUS group=1 models=Gemma Qwen completed=5760/5760 active_jobs=0
[2026-09-22T03:56:50+10:00] ACTIVE group=1 none
[2026-09-22T03:56:52+10:00] STATUS group=2 models=Mistral completed=2880/2880 active_jobs=0
[2026-09-22T03:56:52+10:00] ACTIVE group=2 none
[2026-09-22T03:56:54+10:00] STATUS group=3 models=Llama3.1 DeepSeek completed=2880/5760 active_jobs=1
[2026-09-22T03:56:54+10:00] ACTIVE group=3 id=32761293 name=RQ3B-3 state=RUNNING elapsed=32:44 limit=2:00:00 partition=h2gpu node=g022 reason=g022
[2026-09-22T04:01:58+10:00] STATUS group=1 models=Gemma Qwen completed=5760/5760 active_jobs=0
[2026-09-22T04:01:58+10:00] ACTIVE group=1 none
[2026-09-22T04:02:00+10:00] STATUS group=2 models=Mistral completed=2880/2880 active_jobs=0
[2026-09-22T04:02:00+10:00] ACTIVE group=2 none
[2026-09-22T04:02:03+10:00] STATUS group=3 models=Llama3.1 DeepSeek completed=2880/5760 active_jobs=1
[2026-09-22T04:02:03+10:00] ACTIVE group=3 id=32761293 name=RQ3B-3 state=RUNNING elapsed=37:53 limit=2:00:00 partition=h2gpu node=g022 reason=g022
[2026-09-22T04:07:07+10:00] STATUS group=1 models=Gemma Qwen completed=5760/5760 active_jobs=0
[2026-09-22T04:07:07+10:00] ACTIVE group=1 none
[2026-09-22T04:07:09+10:00] STATUS group=2 models=Mistral completed=2880/2880 active_jobs=0
[2026-09-22T04:07:09+10:00] ACTIVE group=2 none
[2026-09-22T04:07:11+10:00] STATUS group=3 models=Llama3.1 DeepSeek completed=2880/5760 active_jobs=1
[2026-09-22T04:07:11+10:00] ACTIVE group=3 id=32761293 name=RQ3B-3 state=RUNNING elapsed=43:01 limit=2:00:00 partition=h2gpu node=g022 reason=g022
[2026-09-22T04:12:15+10:00] STATUS group=1 models=Gemma Qwen completed=5760/5760 active_jobs=0
[2026-09-22T04:12:15+10:00] ACTIVE group=1 none
[2026-09-22T04:12:17+10:00] STATUS group=2 models=Mistral completed=2880/2880 active_jobs=0
[2026-09-22T04:12:17+10:00] ACTIVE group=2 none
[2026-09-22T04:12:20+10:00] STATUS group=3 models=Llama3.1 DeepSeek completed=2880/5760 active_jobs=1
[2026-09-22T04:12:20+10:00] ACTIVE group=3 id=32761293 name=RQ3B-3 state=RUNNING elapsed=48:10 limit=2:00:00 partition=h2gpu node=g022 reason=g022
[2026-09-22T04:17:24+10:00] STATUS group=1 models=Gemma Qwen completed=5760/5760 active_jobs=0
[2026-09-22T04:17:24+10:00] ACTIVE group=1 none
[2026-09-22T04:17:26+10:00] STATUS group=2 models=Mistral completed=2880/2880 active_jobs=0
[2026-09-22T04:17:26+10:00] ACTIVE group=2 none
[2026-09-22T04:17:28+10:00] STATUS group=3 models=Llama3.1 DeepSeek completed=2880/5760 active_jobs=1
[2026-09-22T04:17:28+10:00] ACTIVE group=3 id=32761293 name=RQ3B-3 state=RUNNING elapsed=53:18 limit=2:00:00 partition=h2gpu node=g022 reason=g022
[2026-09-22T04:22:32+10:00] STATUS group=1 models=Gemma Qwen completed=5760/5760 active_jobs=0
[2026-09-22T04:22:32+10:00] ACTIVE group=1 none
[2026-09-22T04:22:34+10:00] STATUS group=2 models=Mistral completed=2880/2880 active_jobs=0
[2026-09-22T04:22:34+10:00] ACTIVE group=2 none
[2026-09-22T04:22:36+10:00] STATUS group=3 models=Llama3.1 DeepSeek completed=2880/5760 active_jobs=1
[2026-09-22T04:22:36+10:00] ACTIVE group=3 id=32761293 name=RQ3B-3 state=RUNNING elapsed=58:26 limit=2:00:00 partition=h2gpu node=g022 reason=g022
[2026-09-22T04:27:40+10:00] STATUS group=1 models=Gemma Qwen completed=5760/5760 active_jobs=0
[2026-09-22T04:27:40+10:00] ACTIVE group=1 none
[2026-09-22T04:27:42+10:00] STATUS group=2 models=Mistral completed=2880/2880 active_jobs=0
[2026-09-22T04:27:42+10:00] ACTIVE group=2 none
[2026-09-22T04:27:44+10:00] STATUS group=3 models=Llama3.1 DeepSeek completed=2880/5760 active_jobs=1
[2026-09-22T04:27:44+10:00] ACTIVE group=3 id=32761293 name=RQ3B-3 state=RUNNING elapsed=1:03:34 limit=2:00:00 partition=h2gpu node=g022 reason=g022
[2026-09-22T04:32:48+10:00] STATUS group=1 models=Gemma Qwen completed=5760/5760 active_jobs=0
[2026-09-22T04:32:48+10:00] ACTIVE group=1 none
[2026-09-22T04:32:50+10:00] STATUS group=2 models=Mistral completed=2880/2880 active_jobs=0
[2026-09-22T04:32:50+10:00] ACTIVE group=2 none
[2026-09-22T04:32:52+10:00] STATUS group=3 models=Llama3.1 DeepSeek completed=2880/5760 active_jobs=1
[2026-09-22T04:32:52+10:00] ACTIVE group=3 id=32761293 name=RQ3B-3 state=RUNNING elapsed=1:08:42 limit=2:00:00 partition=h2gpu node=g022 reason=g022
[2026-09-22T04:37:56+10:00] STATUS group=1 models=Gemma Qwen completed=5760/5760 active_jobs=0
[2026-09-22T04:37:56+10:00] ACTIVE group=1 none
[2026-09-22T04:37:58+10:00] STATUS group=2 models=Mistral completed=2880/2880 active_jobs=0
[2026-09-22T04:37:58+10:00] ACTIVE group=2 none
[2026-09-22T04:38:00+10:00] STATUS group=3 models=Llama3.1 DeepSeek completed=2880/5760 active_jobs=1
[2026-09-22T04:38:00+10:00] ACTIVE group=3 id=32761293 name=RQ3B-3 state=RUNNING elapsed=1:13:50 limit=2:00:00 partition=h2gpu node=g022 reason=g022
[2026-09-22T04:43:04+10:00] STATUS group=1 models=Gemma Qwen completed=5760/5760 active_jobs=0
[2026-09-22T04:43:04+10:00] ACTIVE group=1 none
[2026-09-22T04:43:06+10:00] STATUS group=2 models=Mistral completed=2880/2880 active_jobs=0
[2026-09-22T04:43:06+10:00] ACTIVE group=2 none
[2026-09-22T04:43:09+10:00] STATUS group=3 models=Llama3.1 DeepSeek completed=2880/5760 active_jobs=1
[2026-09-22T04:43:09+10:00] ACTIVE group=3 id=32761293 name=RQ3B-3 state=RUNNING elapsed=1:18:59 limit=2:00:00 partition=h2gpu node=g022 reason=g022
[2026-09-22T04:48:15+10:00] STATUS group=1 models=Gemma Qwen completed=5760/5760 active_jobs=0
[2026-09-22T04:48:15+10:00] ACTIVE group=1 none
[2026-09-22T04:48:17+10:00] STATUS group=2 models=Mistral completed=2880/2880 active_jobs=0
[2026-09-22T04:48:17+10:00] ACTIVE group=2 none
[2026-09-22T04:48:19+10:00] STATUS group=3 models=Llama3.1 DeepSeek completed=2880/5760 active_jobs=1
[2026-09-22T04:48:19+10:00] ACTIVE group=3 id=32761293 name=RQ3B-3 state=RUNNING elapsed=1:24:09 limit=2:00:00 partition=h2gpu node=g022 reason=g022
[2026-09-22T04:53:23+10:00] STATUS group=1 models=Gemma Qwen completed=5760/5760 active_jobs=0
[2026-09-22T04:53:23+10:00] ACTIVE group=1 none
[2026-09-22T04:53:25+10:00] STATUS group=2 models=Mistral completed=2880/2880 active_jobs=0
[2026-09-22T04:53:25+10:00] ACTIVE group=2 none
[2026-09-22T04:53:27+10:00] STATUS group=3 models=Llama3.1 DeepSeek completed=2880/5760 active_jobs=1
[2026-09-22T04:53:27+10:00] ACTIVE group=3 id=32761293 name=RQ3B-3 state=RUNNING elapsed=1:29:17 limit=2:00:00 partition=h2gpu node=g022 reason=g022
[2026-09-22T04:58:31+10:00] STATUS group=1 models=Gemma Qwen completed=5760/5760 active_jobs=0
[2026-09-22T04:58:31+10:00] ACTIVE group=1 none
[2026-09-22T04:58:33+10:00] STATUS group=2 models=Mistral completed=2880/2880 active_jobs=0
[2026-09-22T04:58:33+10:00] ACTIVE group=2 none
[2026-09-22T04:58:35+10:00] STATUS group=3 models=Llama3.1 DeepSeek completed=2880/5760 active_jobs=1
[2026-09-22T04:58:35+10:00] ACTIVE group=3 id=32761293 name=RQ3B-3 state=RUNNING elapsed=1:34:25 limit=2:00:00 partition=h2gpu node=g022 reason=g022
[2026-09-22T05:03:39+10:00] STATUS group=1 models=Gemma Qwen completed=5760/5760 active_jobs=0
[2026-09-22T05:03:39+10:00] ACTIVE group=1 none
[2026-09-22T05:03:40+10:00] STATUS group=2 models=Mistral completed=2880/2880 active_jobs=0
[2026-09-22T05:03:41+10:00] ACTIVE group=2 none
[2026-09-22T05:03:42+10:00] STATUS group=3 models=Llama3.1 DeepSeek completed=2880/5760 active_jobs=1
[2026-09-22T05:03:42+10:00] ACTIVE group=3 id=32761293 name=RQ3B-3 state=RUNNING elapsed=1:39:32 limit=2:00:00 partition=h2gpu node=g022 reason=g022
[2026-09-22T05:08:47+10:00] STATUS group=1 models=Gemma Qwen completed=5760/5760 active_jobs=0
[2026-09-22T05:08:47+10:00] ACTIVE group=1 none
[2026-09-22T05:08:49+10:00] STATUS group=2 models=Mistral completed=2880/2880 active_jobs=0
[2026-09-22T05:08:49+10:00] ACTIVE group=2 none
[2026-09-22T05:08:51+10:00] STATUS group=3 models=Llama3.1 DeepSeek completed=2880/5760 active_jobs=1
[2026-09-22T05:08:51+10:00] ACTIVE group=3 id=32761293 name=RQ3B-3 state=RUNNING elapsed=1:44:41 limit=2:00:00 partition=h2gpu node=g022 reason=g022
[2026-09-22T05:13:55+10:00] STATUS group=1 models=Gemma Qwen completed=5760/5760 active_jobs=0
[2026-09-22T05:13:55+10:00] ACTIVE group=1 none
[2026-09-22T05:13:57+10:00] STATUS group=2 models=Mistral completed=2880/2880 active_jobs=0
[2026-09-22T05:13:57+10:00] ACTIVE group=2 none
[2026-09-22T05:13:59+10:00] STATUS group=3 models=Llama3.1 DeepSeek completed=2880/5760 active_jobs=1
[2026-09-22T05:13:59+10:00] ACTIVE group=3 id=32761293 name=RQ3B-3 state=RUNNING elapsed=1:49:49 limit=2:00:00 partition=h2gpu node=g022 reason=g022
[2026-09-22T05:19:03+10:00] STATUS group=1 models=Gemma Qwen completed=5760/5760 active_jobs=0
[2026-09-22T05:19:03+10:00] ACTIVE group=1 none
[2026-09-22T05:19:05+10:00] STATUS group=2 models=Mistral completed=2880/2880 active_jobs=0
[2026-09-22T05:19:05+10:00] ACTIVE group=2 none
[2026-09-22T05:19:07+10:00] STATUS group=3 models=Llama3.1 DeepSeek completed=2880/5760 active_jobs=1
[2026-09-22T05:19:07+10:00] ACTIVE group=3 id=32761293 name=RQ3B-3 state=RUNNING elapsed=1:54:57 limit=2:00:00 partition=h2gpu node=g022 reason=g022
[2026-09-22T05:24:11+10:00] STATUS group=1 models=Gemma Qwen completed=5760/5760 active_jobs=0
[2026-09-22T05:24:11+10:00] ACTIVE group=1 none
[2026-09-22T05:24:13+10:00] STATUS group=2 models=Mistral completed=2880/2880 active_jobs=0
[2026-09-22T05:24:13+10:00] ACTIVE group=2 none
[2026-09-22T05:24:15+10:00] STATUS group=3 models=Llama3.1 DeepSeek completed=2880/5760 active_jobs=1
[2026-09-22T05:24:15+10:00] ACTIVE group=3 id=32761293 name=RQ3B-3 state=COMPLETING elapsed=2:00:03 limit=2:00:00 partition=h2gpu node=g022 reason=g022
[2026-09-22T05:29:20+10:00] STATUS group=1 models=Gemma Qwen completed=5760/5760 active_jobs=0
[2026-09-22T05:29:20+10:00] ACTIVE group=1 none
[2026-09-22T05:29:22+10:00] STATUS group=2 models=Mistral completed=2880/2880 active_jobs=0
[2026-09-22T05:29:22+10:00] ACTIVE group=2 none
[2026-09-22T05:29:24+10:00] STATUS group=3 models=Llama3.1 DeepSeek completed=2880/5760 active_jobs=0
[2026-09-22T05:29:24+10:00] ACTIVE group=3 none
[2026-09-22T05:29:24+10:00] SUBMIT group=3 job=RQ3B-3 id=32767906
[2026-09-22T05:34:27+10:00] STATUS group=1 models=Gemma Qwen completed=5760/5760 active_jobs=0
[2026-09-22T05:34:28+10:00] ACTIVE group=1 none
[2026-09-22T05:34:29+10:00] STATUS group=2 models=Mistral completed=2880/2880 active_jobs=0
[2026-09-22T05:34:29+10:00] ACTIVE group=2 none
[2026-09-22T05:34:32+10:00] STATUS group=3 models=Llama3.1 DeepSeek completed=2880/5760 active_jobs=1
[2026-09-22T05:34:32+10:00] ACTIVE group=3 id=32767906 name=RQ3B-3 state=RUNNING elapsed=5:07 limit=2:00:00 partition=h2gpu node=g039 reason=g039
[2026-09-22T05:39:36+10:00] STATUS group=1 models=Gemma Qwen completed=5760/5760 active_jobs=0
[2026-09-22T05:39:36+10:00] ACTIVE group=1 none
[2026-09-22T05:39:38+10:00] STATUS group=2 models=Mistral completed=2880/2880 active_jobs=0
[2026-09-22T05:39:38+10:00] ACTIVE group=2 none
[2026-09-22T05:39:40+10:00] STATUS group=3 models=Llama3.1 DeepSeek completed=2880/5760 active_jobs=1
[2026-09-22T05:39:40+10:00] ACTIVE group=3 id=32767906 name=RQ3B-3 state=RUNNING elapsed=10:15 limit=2:00:00 partition=h2gpu node=g039 reason=g039
[2026-09-22T05:44:44+10:00] STATUS group=1 models=Gemma Qwen completed=5760/5760 active_jobs=0
[2026-09-22T05:44:44+10:00] ACTIVE group=1 none
[2026-09-22T05:44:46+10:00] STATUS group=2 models=Mistral completed=2880/2880 active_jobs=0
[2026-09-22T05:44:46+10:00] ACTIVE group=2 none
[2026-09-22T05:44:48+10:00] STATUS group=3 models=Llama3.1 DeepSeek completed=2880/5760 active_jobs=1
[2026-09-22T05:44:48+10:00] ACTIVE group=3 id=32767906 name=RQ3B-3 state=RUNNING elapsed=15:23 limit=2:00:00 partition=h2gpu node=g039 reason=g039
[2026-09-22T05:49:52+10:00] STATUS group=1 models=Gemma Qwen completed=5760/5760 active_jobs=0
[2026-09-22T05:49:52+10:00] ACTIVE group=1 none
[2026-09-22T05:49:54+10:00] STATUS group=2 models=Mistral completed=2880/2880 active_jobs=0
[2026-09-22T05:49:54+10:00] ACTIVE group=2 none
[2026-09-22T05:49:56+10:00] STATUS group=3 models=Llama3.1 DeepSeek completed=2880/5760 active_jobs=1
[2026-09-22T05:49:56+10:00] ACTIVE group=3 id=32767906 name=RQ3B-3 state=RUNNING elapsed=20:31 limit=2:00:00 partition=h2gpu node=g039 reason=g039
[2026-09-22T05:55:00+10:00] STATUS group=1 models=Gemma Qwen completed=5760/5760 active_jobs=0
[2026-09-22T05:55:00+10:00] ACTIVE group=1 none
[2026-09-22T05:55:02+10:00] STATUS group=2 models=Mistral completed=2880/2880 active_jobs=0
[2026-09-22T05:55:02+10:00] ACTIVE group=2 none
[2026-09-22T05:55:04+10:00] STATUS group=3 models=Llama3.1 DeepSeek completed=2880/5760 active_jobs=1
[2026-09-22T05:55:04+10:00] ACTIVE group=3 id=32767906 name=RQ3B-3 state=RUNNING elapsed=25:39 limit=2:00:00 partition=h2gpu node=g039 reason=g039
[2026-09-22T06:00:08+10:00] STATUS group=1 models=Gemma Qwen completed=5760/5760 active_jobs=0
[2026-09-22T06:00:08+10:00] ACTIVE group=1 none
[2026-09-22T06:00:10+10:00] STATUS group=2 models=Mistral completed=2880/2880 active_jobs=0
[2026-09-22T06:00:10+10:00] ACTIVE group=2 none
[2026-09-22T06:00:12+10:00] STATUS group=3 models=Llama3.1 DeepSeek completed=2880/5760 active_jobs=1
[2026-09-22T06:00:12+10:00] ACTIVE group=3 id=32767906 name=RQ3B-3 state=RUNNING elapsed=30:47 limit=2:00:00 partition=h2gpu node=g039 reason=g039
[2026-09-22T06:05:16+10:00] STATUS group=1 models=Gemma Qwen completed=5760/5760 active_jobs=0
[2026-09-22T06:05:16+10:00] ACTIVE group=1 none
[2026-09-22T06:05:18+10:00] STATUS group=2 models=Mistral completed=2880/2880 active_jobs=0
[2026-09-22T06:05:18+10:00] ACTIVE group=2 none
[2026-09-22T06:05:20+10:00] STATUS group=3 models=Llama3.1 DeepSeek completed=2880/5760 active_jobs=1
[2026-09-22T06:05:20+10:00] ACTIVE group=3 id=32767906 name=RQ3B-3 state=RUNNING elapsed=35:55 limit=2:00:00 partition=h2gpu node=g039 reason=g039
[2026-09-22T06:10:24+10:00] STATUS group=1 models=Gemma Qwen completed=5760/5760 active_jobs=0
[2026-09-22T06:10:24+10:00] ACTIVE group=1 none
[2026-09-22T06:10:27+10:00] STATUS group=2 models=Mistral completed=2880/2880 active_jobs=0
[2026-09-22T06:10:27+10:00] ACTIVE group=2 none
[2026-09-22T06:10:29+10:00] STATUS group=3 models=Llama3.1 DeepSeek completed=2880/5760 active_jobs=1
[2026-09-22T06:10:29+10:00] ACTIVE group=3 id=32767906 name=RQ3B-3 state=RUNNING elapsed=41:04 limit=2:00:00 partition=h2gpu node=g039 reason=g039
[2026-09-22T06:15:33+10:00] STATUS group=1 models=Gemma Qwen completed=5760/5760 active_jobs=0
[2026-09-22T06:15:33+10:00] ACTIVE group=1 none
[2026-09-22T06:15:35+10:00] STATUS group=2 models=Mistral completed=2880/2880 active_jobs=0
[2026-09-22T06:15:35+10:00] ACTIVE group=2 none
[2026-09-22T06:15:37+10:00] STATUS group=3 models=Llama3.1 DeepSeek completed=2880/5760 active_jobs=1
[2026-09-22T06:15:37+10:00] ACTIVE group=3 id=32767906 name=RQ3B-3 state=RUNNING elapsed=46:12 limit=2:00:00 partition=h2gpu node=g039 reason=g039
[2026-09-22T06:20:41+10:00] STATUS group=1 models=Gemma Qwen completed=5760/5760 active_jobs=0
[2026-09-22T06:20:41+10:00] ACTIVE group=1 none
[2026-09-22T06:20:43+10:00] STATUS group=2 models=Mistral completed=2880/2880 active_jobs=0
[2026-09-22T06:20:43+10:00] ACTIVE group=2 none
[2026-09-22T06:20:45+10:00] STATUS group=3 models=Llama3.1 DeepSeek completed=2880/5760 active_jobs=1
[2026-09-22T06:20:45+10:00] ACTIVE group=3 id=32767906 name=RQ3B-3 state=RUNNING elapsed=51:20 limit=2:00:00 partition=h2gpu node=g039 reason=g039
[2026-09-22T06:25:49+10:00] STATUS group=1 models=Gemma Qwen completed=5760/5760 active_jobs=0
[2026-09-22T06:25:49+10:00] ACTIVE group=1 none
[2026-09-22T06:25:51+10:00] STATUS group=2 models=Mistral completed=2880/2880 active_jobs=0
[2026-09-22T06:25:51+10:00] ACTIVE group=2 none
[2026-09-22T06:25:53+10:00] STATUS group=3 models=Llama3.1 DeepSeek completed=2880/5760 active_jobs=1
[2026-09-22T06:25:53+10:00] ACTIVE group=3 id=32767906 name=RQ3B-3 state=RUNNING elapsed=56:28 limit=2:00:00 partition=h2gpu node=g039 reason=g039
[2026-09-22T06:30:57+10:00] STATUS group=1 models=Gemma Qwen completed=5760/5760 active_jobs=0
[2026-09-22T06:30:57+10:00] ACTIVE group=1 none
[2026-09-22T06:30:59+10:00] STATUS group=2 models=Mistral completed=2880/2880 active_jobs=0
[2026-09-22T06:30:59+10:00] ACTIVE group=2 none
[2026-09-22T06:31:01+10:00] STATUS group=3 models=Llama3.1 DeepSeek completed=2880/5760 active_jobs=1
[2026-09-22T06:31:01+10:00] ACTIVE group=3 id=32767906 name=RQ3B-3 state=RUNNING elapsed=1:01:36 limit=2:00:00 partition=h2gpu node=g039 reason=g039
[2026-09-22T06:36:05+10:00] STATUS group=1 models=Gemma Qwen completed=5760/5760 active_jobs=0
[2026-09-22T06:36:05+10:00] ACTIVE group=1 none
[2026-09-22T06:36:08+10:00] STATUS group=2 models=Mistral completed=2880/2880 active_jobs=0
[2026-09-22T06:36:08+10:00] ACTIVE group=2 none
[2026-09-22T06:36:10+10:00] STATUS group=3 models=Llama3.1 DeepSeek completed=2880/5760 active_jobs=1
[2026-09-22T06:36:10+10:00] ACTIVE group=3 id=32767906 name=RQ3B-3 state=RUNNING elapsed=1:06:45 limit=2:00:00 partition=h2gpu node=g039 reason=g039
[2026-09-22T06:41:15+10:00] STATUS group=1 models=Gemma Qwen completed=5760/5760 active_jobs=0
[2026-09-22T06:41:15+10:00] ACTIVE group=1 none
[2026-09-22T06:41:17+10:00] STATUS group=2 models=Mistral completed=2880/2880 active_jobs=0
[2026-09-22T06:41:17+10:00] ACTIVE group=2 none
[2026-09-22T06:41:19+10:00] STATUS group=3 models=Llama3.1 DeepSeek completed=2880/5760 active_jobs=1
[2026-09-22T06:41:19+10:00] ACTIVE group=3 id=32767906 name=RQ3B-3 state=RUNNING elapsed=1:11:54 limit=2:00:00 partition=h2gpu node=g039 reason=g039
[2026-09-22T06:46:23+10:00] STATUS group=1 models=Gemma Qwen completed=5760/5760 active_jobs=0
[2026-09-22T06:46:23+10:00] ACTIVE group=1 none
[2026-09-22T06:46:25+10:00] STATUS group=2 models=Mistral completed=2880/2880 active_jobs=0
[2026-09-22T06:46:25+10:00] ACTIVE group=2 none
[2026-09-22T06:46:27+10:00] STATUS group=3 models=Llama3.1 DeepSeek completed=2880/5760 active_jobs=1
[2026-09-22T06:46:27+10:00] ACTIVE group=3 id=32767906 name=RQ3B-3 state=RUNNING elapsed=1:17:02 limit=2:00:00 partition=h2gpu node=g039 reason=g039
[2026-09-22T06:51:31+10:00] STATUS group=1 models=Gemma Qwen completed=5760/5760 active_jobs=0
[2026-09-22T06:51:31+10:00] ACTIVE group=1 none
[2026-09-22T06:51:33+10:00] STATUS group=2 models=Mistral completed=2880/2880 active_jobs=0
[2026-09-22T06:51:33+10:00] ACTIVE group=2 none
[2026-09-22T06:51:35+10:00] STATUS group=3 models=Llama3.1 DeepSeek completed=2880/5760 active_jobs=1
[2026-09-22T06:51:35+10:00] ACTIVE group=3 id=32767906 name=RQ3B-3 state=RUNNING elapsed=1:22:10 limit=2:00:00 partition=h2gpu node=g039 reason=g039
[2026-09-22T06:56:39+10:00] STATUS group=1 models=Gemma Qwen completed=5760/5760 active_jobs=0
[2026-09-22T06:56:39+10:00] ACTIVE group=1 none
[2026-09-22T06:56:41+10:00] STATUS group=2 models=Mistral completed=2880/2880 active_jobs=0
[2026-09-22T06:56:41+10:00] ACTIVE group=2 none
[2026-09-22T06:56:43+10:00] STATUS group=3 models=Llama3.1 DeepSeek completed=2880/5760 active_jobs=1
[2026-09-22T06:56:44+10:00] ACTIVE group=3 id=32767906 name=RQ3B-3 state=RUNNING elapsed=1:27:18 limit=2:00:00 partition=h2gpu node=g039 reason=g039
[2026-09-22T07:01:49+10:00] STATUS group=1 models=Gemma Qwen completed=5760/5760 active_jobs=0
[2026-09-22T07:01:49+10:00] ACTIVE group=1 none
[2026-09-22T07:01:51+10:00] STATUS group=2 models=Mistral completed=2880/2880 active_jobs=0
[2026-09-22T07:01:51+10:00] ACTIVE group=2 none
[2026-09-22T07:01:53+10:00] STATUS group=3 models=Llama3.1 DeepSeek completed=2880/5760 active_jobs=1
[2026-09-22T07:01:53+10:00] ACTIVE group=3 id=32767906 name=RQ3B-3 state=RUNNING elapsed=1:32:28 limit=2:00:00 partition=h2gpu node=g039 reason=g039
[2026-09-22T07:06:57+10:00] STATUS group=1 models=Gemma Qwen completed=5760/5760 active_jobs=0
[2026-09-22T07:06:57+10:00] ACTIVE group=1 none
[2026-09-22T07:06:59+10:00] STATUS group=2 models=Mistral completed=2880/2880 active_jobs=0
[2026-09-22T07:06:59+10:00] ACTIVE group=2 none
[2026-09-22T07:07:01+10:00] STATUS group=3 models=Llama3.1 DeepSeek completed=2880/5760 active_jobs=1
[2026-09-22T07:07:01+10:00] ACTIVE group=3 id=32767906 name=RQ3B-3 state=RUNNING elapsed=1:37:36 limit=2:00:00 partition=h2gpu node=g039 reason=g039
[2026-09-22T07:12:05+10:00] STATUS group=1 models=Gemma Qwen completed=5760/5760 active_jobs=0
[2026-09-22T07:12:05+10:00] ACTIVE group=1 none
[2026-09-22T07:12:07+10:00] STATUS group=2 models=Mistral completed=2880/2880 active_jobs=0
[2026-09-22T07:12:07+10:00] ACTIVE group=2 none
[2026-09-22T07:12:09+10:00] STATUS group=3 models=Llama3.1 DeepSeek completed=2880/5760 active_jobs=1
[2026-09-22T07:12:09+10:00] ACTIVE group=3 id=32767906 name=RQ3B-3 state=RUNNING elapsed=1:42:44 limit=2:00:00 partition=h2gpu node=g039 reason=g039
[2026-09-22T07:17:13+10:00] STATUS group=1 models=Gemma Qwen completed=5760/5760 active_jobs=0
[2026-09-22T07:17:13+10:00] ACTIVE group=1 none
[2026-09-22T07:17:17+10:00] STATUS group=2 models=Mistral completed=2880/2880 active_jobs=0
[2026-09-22T07:17:17+10:00] ACTIVE group=2 none
[2026-09-22T07:17:19+10:00] STATUS group=3 models=Llama3.1 DeepSeek completed=2880/5760 active_jobs=1
[2026-09-22T07:17:19+10:00] ACTIVE group=3 id=32767906 name=RQ3B-3 state=RUNNING elapsed=1:47:54 limit=2:00:00 partition=h2gpu node=g039 reason=g039
[2026-09-22T07:22:23+10:00] STATUS group=1 models=Gemma Qwen completed=5760/5760 active_jobs=0
[2026-09-22T07:22:23+10:00] ACTIVE group=1 none
[2026-09-22T07:22:25+10:00] STATUS group=2 models=Mistral completed=2880/2880 active_jobs=0
[2026-09-22T07:22:25+10:00] ACTIVE group=2 none
[2026-09-22T07:22:27+10:00] STATUS group=3 models=Llama3.1 DeepSeek completed=2880/5760 active_jobs=1
[2026-09-22T07:22:27+10:00] ACTIVE group=3 id=32767906 name=RQ3B-3 state=RUNNING elapsed=1:53:02 limit=2:00:00 partition=h2gpu node=g039 reason=g039
[2026-09-22T07:27:32+10:00] STATUS group=1 models=Gemma Qwen completed=5760/5760 active_jobs=0
[2026-09-22T07:27:32+10:00] ACTIVE group=1 none
[2026-09-22T07:27:34+10:00] STATUS group=2 models=Mistral completed=2880/2880 active_jobs=0
[2026-09-22T07:27:34+10:00] ACTIVE group=2 none
[2026-09-22T07:27:36+10:00] STATUS group=3 models=Llama3.1 DeepSeek completed=2880/5760 active_jobs=1
[2026-09-22T07:27:36+10:00] ACTIVE group=3 id=32767906 name=RQ3B-3 state=RUNNING elapsed=1:58:11 limit=2:00:00 partition=h2gpu node=g039 reason=g039
[2026-09-22T07:32:41+10:00] STATUS group=1 models=Gemma Qwen completed=5760/5760 active_jobs=0
[2026-09-22T07:32:41+10:00] ACTIVE group=1 none
[2026-09-22T07:32:44+10:00] STATUS group=2 models=Mistral completed=2880/2880 active_jobs=0
[2026-09-22T07:32:44+10:00] ACTIVE group=2 none
[2026-09-22T07:32:46+10:00] STATUS group=3 models=Llama3.1 DeepSeek completed=2880/5760 active_jobs=0
[2026-09-22T07:32:46+10:00] ACTIVE group=3 none
[2026-09-22T07:32:46+10:00] SUBMIT group=3 job=RQ3B-3 id=32770992
[2026-09-22T07:37:52+10:00] STATUS group=1 models=Gemma Qwen completed=5760/5760 active_jobs=0
[2026-09-22T07:37:52+10:00] ACTIVE group=1 none
[2026-09-22T07:37:54+10:00] STATUS group=2 models=Mistral completed=2880/2880 active_jobs=0
[2026-09-22T07:37:54+10:00] ACTIVE group=2 none
[2026-09-22T07:37:57+10:00] STATUS group=3 models=Llama3.1 DeepSeek completed=2880/5760 active_jobs=1
[2026-09-22T07:37:57+10:00] ACTIVE group=3 id=32770992 name=RQ3B-3 state=RUNNING elapsed=5:10 limit=2:00:00 partition=h2gpu node=g110 reason=g110
[2026-09-22T07:43:02+10:00] STATUS group=1 models=Gemma Qwen completed=5760/5760 active_jobs=0
[2026-09-22T07:43:02+10:00] ACTIVE group=1 none
[2026-09-22T07:43:06+10:00] STATUS group=2 models=Mistral completed=2880/2880 active_jobs=0
[2026-09-22T07:43:06+10:00] ACTIVE group=2 none
[2026-09-22T07:43:09+10:00] STATUS group=3 models=Llama3.1 DeepSeek completed=2880/5760 active_jobs=1
[2026-09-22T07:43:09+10:00] ACTIVE group=3 id=32770992 name=RQ3B-3 state=RUNNING elapsed=10:22 limit=2:00:00 partition=h2gpu node=g110 reason=g110
[2026-09-22T07:48:13+10:00] STATUS group=1 models=Gemma Qwen completed=5760/5760 active_jobs=0
[2026-09-22T07:48:13+10:00] ACTIVE group=1 none
[2026-09-22T07:48:15+10:00] STATUS group=2 models=Mistral completed=2880/2880 active_jobs=0
[2026-09-22T07:48:15+10:00] ACTIVE group=2 none
[2026-09-22T07:48:17+10:00] STATUS group=3 models=Llama3.1 DeepSeek completed=2880/5760 active_jobs=1
[2026-09-22T07:48:17+10:00] ACTIVE group=3 id=32770992 name=RQ3B-3 state=RUNNING elapsed=15:30 limit=2:00:00 partition=h2gpu node=g110 reason=g110
[2026-09-22T07:53:21+10:00] STATUS group=1 models=Gemma Qwen completed=5760/5760 active_jobs=0
[2026-09-22T07:53:21+10:00] ACTIVE group=1 none
[2026-09-22T07:53:24+10:00] STATUS group=2 models=Mistral completed=2880/2880 active_jobs=0
[2026-09-22T07:53:24+10:00] ACTIVE group=2 none
[2026-09-22T07:53:26+10:00] STATUS group=3 models=Llama3.1 DeepSeek completed=2880/5760 active_jobs=1
[2026-09-22T07:53:26+10:00] ACTIVE group=3 id=32770992 name=RQ3B-3 state=RUNNING elapsed=20:39 limit=2:00:00 partition=h2gpu node=g110 reason=g110
[2026-09-22T07:58:30+10:00] STATUS group=1 models=Gemma Qwen completed=5760/5760 active_jobs=0
[2026-09-22T07:58:30+10:00] ACTIVE group=1 none
[2026-09-22T07:58:32+10:00] STATUS group=2 models=Mistral completed=2880/2880 active_jobs=0
[2026-09-22T07:58:32+10:00] ACTIVE group=2 none
[2026-09-22T07:58:34+10:00] STATUS group=3 models=Llama3.1 DeepSeek completed=2880/5760 active_jobs=1
[2026-09-22T07:58:34+10:00] ACTIVE group=3 id=32770992 name=RQ3B-3 state=RUNNING elapsed=25:47 limit=2:00:00 partition=h2gpu node=g110 reason=g110
[2026-09-22T08:03:38+10:00] STATUS group=1 models=Gemma Qwen completed=5760/5760 active_jobs=0
[2026-09-22T08:03:38+10:00] ACTIVE group=1 none
[2026-09-22T08:03:40+10:00] STATUS group=2 models=Mistral completed=2880/2880 active_jobs=0
[2026-09-22T08:03:40+10:00] ACTIVE group=2 none
[2026-09-22T08:03:43+10:00] STATUS group=3 models=Llama3.1 DeepSeek completed=2880/5760 active_jobs=1
[2026-09-22T08:03:43+10:00] ACTIVE group=3 id=32770992 name=RQ3B-3 state=RUNNING elapsed=30:56 limit=2:00:00 partition=h2gpu node=g110 reason=g110
[2026-09-22T08:08:47+10:00] STATUS group=1 models=Gemma Qwen completed=5760/5760 active_jobs=0
[2026-09-22T08:08:47+10:00] ACTIVE group=1 none
[2026-09-22T08:08:50+10:00] STATUS group=2 models=Mistral completed=2880/2880 active_jobs=0
[2026-09-22T08:08:50+10:00] ACTIVE group=2 none
[2026-09-22T08:08:52+10:00] STATUS group=3 models=Llama3.1 DeepSeek completed=2880/5760 active_jobs=1
[2026-09-22T08:08:53+10:00] ACTIVE group=3 id=32770992 name=RQ3B-3 state=RUNNING elapsed=36:05 limit=2:00:00 partition=h2gpu node=g110 reason=g110
[2026-09-22T08:13:56+10:00] STATUS group=1 models=Gemma Qwen completed=5760/5760 active_jobs=0
[2026-09-22T08:13:56+10:00] ACTIVE group=1 none
[2026-09-22T08:13:58+10:00] STATUS group=2 models=Mistral completed=2880/2880 active_jobs=0
[2026-09-22T08:13:58+10:00] ACTIVE group=2 none
[2026-09-22T08:14:00+10:00] STATUS group=3 models=Llama3.1 DeepSeek completed=2880/5760 active_jobs=1
[2026-09-22T08:14:00+10:00] ACTIVE group=3 id=32770992 name=RQ3B-3 state=RUNNING elapsed=41:13 limit=2:00:00 partition=h2gpu node=g110 reason=g110
[2026-09-22T08:19:04+10:00] STATUS group=1 models=Gemma Qwen completed=5760/5760 active_jobs=0
[2026-09-22T08:19:04+10:00] ACTIVE group=1 none
[2026-09-22T08:19:07+10:00] STATUS group=2 models=Mistral completed=2880/2880 active_jobs=0
[2026-09-22T08:19:07+10:00] ACTIVE group=2 none
[2026-09-22T08:19:09+10:00] STATUS group=3 models=Llama3.1 DeepSeek completed=2880/5760 active_jobs=1
[2026-09-22T08:19:09+10:00] ACTIVE group=3 id=32770992 name=RQ3B-3 state=RUNNING elapsed=46:22 limit=2:00:00 partition=h2gpu node=g110 reason=g110
[2026-09-22T08:24:13+10:00] STATUS group=1 models=Gemma Qwen completed=5760/5760 active_jobs=0
[2026-09-22T08:24:13+10:00] ACTIVE group=1 none
[2026-09-22T08:24:15+10:00] STATUS group=2 models=Mistral completed=2880/2880 active_jobs=0
[2026-09-22T08:24:15+10:00] ACTIVE group=2 none
[2026-09-22T08:24:17+10:00] STATUS group=3 models=Llama3.1 DeepSeek completed=2880/5760 active_jobs=1
[2026-09-22T08:24:17+10:00] ACTIVE group=3 id=32770992 name=RQ3B-3 state=RUNNING elapsed=51:30 limit=2:00:00 partition=h2gpu node=g110 reason=g110
[2026-09-22T08:29:21+10:00] STATUS group=1 models=Gemma Qwen completed=5760/5760 active_jobs=0
[2026-09-22T08:29:21+10:00] ACTIVE group=1 none
[2026-09-22T08:29:23+10:00] STATUS group=2 models=Mistral completed=2880/2880 active_jobs=0
[2026-09-22T08:29:23+10:00] ACTIVE group=2 none
[2026-09-22T08:29:25+10:00] STATUS group=3 models=Llama3.1 DeepSeek completed=2880/5760 active_jobs=1
[2026-09-22T08:29:25+10:00] ACTIVE group=3 id=32770992 name=RQ3B-3 state=RUNNING elapsed=56:38 limit=2:00:00 partition=h2gpu node=g110 reason=g110
[2026-09-22T08:34:30+10:00] STATUS group=1 models=Gemma Qwen completed=5760/5760 active_jobs=0
[2026-09-22T08:34:30+10:00] ACTIVE group=1 none
[2026-09-22T08:34:34+10:00] STATUS group=2 models=Mistral completed=2880/2880 active_jobs=0
[2026-09-22T08:34:34+10:00] ACTIVE group=2 none
[2026-09-22T08:34:37+10:00] STATUS group=3 models=Llama3.1 DeepSeek completed=2880/5760 active_jobs=1
[2026-09-22T08:34:37+10:00] ACTIVE group=3 id=32770992 name=RQ3B-3 state=RUNNING elapsed=1:01:50 limit=2:00:00 partition=h2gpu node=g110 reason=g110
[2026-09-22T08:39:42+10:00] STATUS group=1 models=Gemma Qwen completed=5760/5760 active_jobs=0
[2026-09-22T08:39:42+10:00] ACTIVE group=1 none
[2026-09-22T08:39:44+10:00] STATUS group=2 models=Mistral completed=2880/2880 active_jobs=0
[2026-09-22T08:39:44+10:00] ACTIVE group=2 none
[2026-09-22T08:39:47+10:00] STATUS group=3 models=Llama3.1 DeepSeek completed=2880/5760 active_jobs=1
[2026-09-22T08:39:47+10:00] ACTIVE group=3 id=32770992 name=RQ3B-3 state=RUNNING elapsed=1:07:00 limit=2:00:00 partition=h2gpu node=g110 reason=g110
[2026-09-22T08:44:51+10:00] STATUS group=1 models=Gemma Qwen completed=5760/5760 active_jobs=0
[2026-09-22T08:44:51+10:00] ACTIVE group=1 none
[2026-09-22T08:44:53+10:00] STATUS group=2 models=Mistral completed=2880/2880 active_jobs=0
[2026-09-22T08:44:53+10:00] ACTIVE group=2 none
[2026-09-22T08:44:55+10:00] STATUS group=3 models=Llama3.1 DeepSeek completed=2880/5760 active_jobs=1
[2026-09-22T08:44:55+10:00] ACTIVE group=3 id=32770992 name=RQ3B-3 state=RUNNING elapsed=1:12:08 limit=2:00:00 partition=h2gpu node=g110 reason=g110
[2026-09-22T08:49:59+10:00] STATUS group=1 models=Gemma Qwen completed=5760/5760 active_jobs=0
[2026-09-22T08:49:59+10:00] ACTIVE group=1 none
[2026-09-22T08:50:01+10:00] STATUS group=2 models=Mistral completed=2880/2880 active_jobs=0
[2026-09-22T08:50:01+10:00] ACTIVE group=2 none
[2026-09-22T08:50:03+10:00] STATUS group=3 models=Llama3.1 DeepSeek completed=2880/5760 active_jobs=1
[2026-09-22T08:50:03+10:00] ACTIVE group=3 id=32770992 name=RQ3B-3 state=RUNNING elapsed=1:17:16 limit=2:00:00 partition=h2gpu node=g110 reason=g110
[2026-09-22T08:55:08+10:00] STATUS group=1 models=Gemma Qwen completed=5760/5760 active_jobs=0
[2026-09-22T08:55:08+10:00] ACTIVE group=1 none
[2026-09-22T08:55:10+10:00] STATUS group=2 models=Mistral completed=2880/2880 active_jobs=0
[2026-09-22T08:55:10+10:00] ACTIVE group=2 none
[2026-09-22T08:55:12+10:00] STATUS group=3 models=Llama3.1 DeepSeek completed=2880/5760 active_jobs=1
[2026-09-22T08:55:12+10:00] ACTIVE group=3 id=32770992 name=RQ3B-3 state=RUNNING elapsed=1:22:25 limit=2:00:00 partition=h2gpu node=g110 reason=g110
[2026-09-22T09:00:17+10:00] STATUS group=1 models=Gemma Qwen completed=5760/5760 active_jobs=0
[2026-09-22T09:00:17+10:00] ACTIVE group=1 none
[2026-09-22T09:00:19+10:00] STATUS group=2 models=Mistral completed=2880/2880 active_jobs=0
[2026-09-22T09:00:19+10:00] ACTIVE group=2 none
[2026-09-22T09:00:21+10:00] STATUS group=3 models=Llama3.1 DeepSeek completed=2880/5760 active_jobs=1
[2026-09-22T09:00:21+10:00] ACTIVE group=3 id=32770992 name=RQ3B-3 state=RUNNING elapsed=1:27:34 limit=2:00:00 partition=h2gpu node=g110 reason=g110
[2026-09-22T09:05:25+10:00] STATUS group=1 models=Gemma Qwen completed=5760/5760 active_jobs=0
[2026-09-22T09:05:25+10:00] ACTIVE group=1 none
[2026-09-22T09:05:28+10:00] STATUS group=2 models=Mistral completed=2880/2880 active_jobs=0
[2026-09-22T09:05:28+10:00] ACTIVE group=2 none
[2026-09-22T09:05:30+10:00] STATUS group=3 models=Llama3.1 DeepSeek completed=2880/5760 active_jobs=1
[2026-09-22T09:05:30+10:00] ACTIVE group=3 id=32770992 name=RQ3B-3 state=RUNNING elapsed=1:32:43 limit=2:00:00 partition=h2gpu node=g110 reason=g110
[2026-09-22T09:10:34+10:00] STATUS group=1 models=Gemma Qwen completed=5760/5760 active_jobs=0
[2026-09-22T09:10:34+10:00] ACTIVE group=1 none
[2026-09-22T09:10:37+10:00] STATUS group=2 models=Mistral completed=2880/2880 active_jobs=0
[2026-09-22T09:10:37+10:00] ACTIVE group=2 none
[2026-09-22T09:10:39+10:00] STATUS group=3 models=Llama3.1 DeepSeek completed=2880/5760 active_jobs=1
[2026-09-22T09:10:39+10:00] ACTIVE group=3 id=32770992 name=RQ3B-3 state=RUNNING elapsed=1:37:52 limit=2:00:00 partition=h2gpu node=g110 reason=g110
[2026-09-22T09:15:43+10:00] STATUS group=1 models=Gemma Qwen completed=5760/5760 active_jobs=0
[2026-09-22T09:15:43+10:00] ACTIVE group=1 none
[2026-09-22T09:15:45+10:00] STATUS group=2 models=Mistral completed=2880/2880 active_jobs=0
[2026-09-22T09:15:45+10:00] ACTIVE group=2 none
[2026-09-22T09:15:47+10:00] STATUS group=3 models=Llama3.1 DeepSeek completed=2880/5760 active_jobs=1
[2026-09-22T09:15:47+10:00] ACTIVE group=3 id=32770992 name=RQ3B-3 state=RUNNING elapsed=1:43:00 limit=2:00:00 partition=h2gpu node=g110 reason=g110
[2026-09-22T09:20:51+10:00] STATUS group=1 models=Gemma Qwen completed=5760/5760 active_jobs=0
[2026-09-22T09:20:51+10:00] ACTIVE group=1 none
[2026-09-22T09:20:53+10:00] STATUS group=2 models=Mistral completed=2880/2880 active_jobs=0
[2026-09-22T09:20:53+10:00] ACTIVE group=2 none
[2026-09-22T09:20:57+10:00] STATUS group=3 models=Llama3.1 DeepSeek completed=2880/5760 active_jobs=1
[2026-09-22T09:20:57+10:00] ACTIVE group=3 id=32770992 name=RQ3B-3 state=RUNNING elapsed=1:48:10 limit=2:00:00 partition=h2gpu node=g110 reason=g110
[2026-09-22T09:26:01+10:00] STATUS group=1 models=Gemma Qwen completed=5760/5760 active_jobs=0
[2026-09-22T09:26:01+10:00] ACTIVE group=1 none
[2026-09-22T09:26:03+10:00] STATUS group=2 models=Mistral completed=2880/2880 active_jobs=0
[2026-09-22T09:26:03+10:00] ACTIVE group=2 none
[2026-09-22T09:26:05+10:00] STATUS group=3 models=Llama3.1 DeepSeek completed=2880/5760 active_jobs=1
[2026-09-22T09:26:05+10:00] ACTIVE group=3 id=32770992 name=RQ3B-3 state=RUNNING elapsed=1:53:18 limit=2:00:00 partition=h2gpu node=g110 reason=g110
[2026-09-22T09:31:09+10:00] STATUS group=1 models=Gemma Qwen completed=5760/5760 active_jobs=0
[2026-09-22T09:31:09+10:00] ACTIVE group=1 none
[2026-09-22T09:31:11+10:00] STATUS group=2 models=Mistral completed=2880/2880 active_jobs=0
[2026-09-22T09:31:11+10:00] ACTIVE group=2 none
[2026-09-22T09:31:13+10:00] STATUS group=3 models=Llama3.1 DeepSeek completed=2880/5760 active_jobs=1
[2026-09-22T09:31:13+10:00] ACTIVE group=3 id=32770992 name=RQ3B-3 state=RUNNING elapsed=1:58:26 limit=2:00:00 partition=h2gpu node=g110 reason=g110
[2026-09-22T09:36:17+10:00] STATUS group=1 models=Gemma Qwen completed=5760/5760 active_jobs=0
[2026-09-22T09:36:17+10:00] ACTIVE group=1 none
[2026-09-22T09:36:19+10:00] STATUS group=2 models=Mistral completed=2880/2880 active_jobs=0
[2026-09-22T09:36:19+10:00] ACTIVE group=2 none
[2026-09-22T09:36:21+10:00] STATUS group=3 models=Llama3.1 DeepSeek completed=2880/5760 active_jobs=0
[2026-09-22T09:36:21+10:00] ACTIVE group=3 none
[2026-09-22T09:36:21+10:00] SUBMIT group=3 job=RQ3B-3 id=32775592
[2026-09-22T09:41:25+10:00] STATUS group=1 models=Gemma Qwen completed=5760/5760 active_jobs=0
[2026-09-22T09:41:25+10:00] ACTIVE group=1 none
[2026-09-22T09:41:27+10:00] STATUS group=2 models=Mistral completed=2880/2880 active_jobs=0
[2026-09-22T09:41:27+10:00] ACTIVE group=2 none
[2026-09-22T09:41:29+10:00] STATUS group=3 models=Llama3.1 DeepSeek completed=2880/5760 active_jobs=1
[2026-09-22T09:41:29+10:00] ACTIVE group=3 id=32775592 name=RQ3B-3 state=RUNNING elapsed=5:07 limit=2:00:00 partition=h2gpu node=g025 reason=g025
[2026-09-22T09:46:33+10:00] STATUS group=1 models=Gemma Qwen completed=5760/5760 active_jobs=0
[2026-09-22T09:46:33+10:00] ACTIVE group=1 none
[2026-09-22T09:46:36+10:00] STATUS group=2 models=Mistral completed=2880/2880 active_jobs=0
[2026-09-22T09:46:36+10:00] ACTIVE group=2 none
[2026-09-22T09:46:38+10:00] STATUS group=3 models=Llama3.1 DeepSeek completed=2880/5760 active_jobs=1
[2026-09-22T09:46:38+10:00] ACTIVE group=3 id=32775592 name=RQ3B-3 state=RUNNING elapsed=10:16 limit=2:00:00 partition=h2gpu node=g025 reason=g025
[2026-09-22T09:51:42+10:00] STATUS group=1 models=Gemma Qwen completed=5760/5760 active_jobs=0
[2026-09-22T09:51:42+10:00] ACTIVE group=1 none
[2026-09-22T09:51:44+10:00] STATUS group=2 models=Mistral completed=2880/2880 active_jobs=0
[2026-09-22T09:51:44+10:00] ACTIVE group=2 none
[2026-09-22T09:51:46+10:00] STATUS group=3 models=Llama3.1 DeepSeek completed=2880/5760 active_jobs=1
[2026-09-22T09:51:46+10:00] ACTIVE group=3 id=32775592 name=RQ3B-3 state=RUNNING elapsed=15:24 limit=2:00:00 partition=h2gpu node=g025 reason=g025
[2026-09-22T09:56:50+10:00] STATUS group=1 models=Gemma Qwen completed=5760/5760 active_jobs=0
[2026-09-22T09:56:50+10:00] ACTIVE group=1 none
[2026-09-22T09:56:52+10:00] STATUS group=2 models=Mistral completed=2880/2880 active_jobs=0
[2026-09-22T09:56:52+10:00] ACTIVE group=2 none
[2026-09-22T09:56:54+10:00] STATUS group=3 models=Llama3.1 DeepSeek completed=2880/5760 active_jobs=1
[2026-09-22T09:56:54+10:00] ACTIVE group=3 id=32775592 name=RQ3B-3 state=RUNNING elapsed=20:32 limit=2:00:00 partition=h2gpu node=g025 reason=g025
[2026-09-22T10:01:59+10:00] STATUS group=1 models=Gemma Qwen completed=5760/5760 active_jobs=0
[2026-09-22T10:01:59+10:00] ACTIVE group=1 none
[2026-09-22T10:02:01+10:00] STATUS group=2 models=Mistral completed=2880/2880 active_jobs=0
[2026-09-22T10:02:01+10:00] ACTIVE group=2 none
[2026-09-22T10:02:03+10:00] STATUS group=3 models=Llama3.1 DeepSeek completed=2880/5760 active_jobs=1
[2026-09-22T10:02:03+10:00] ACTIVE group=3 id=32775592 name=RQ3B-3 state=RUNNING elapsed=25:41 limit=2:00:00 partition=h2gpu node=g025 reason=g025
[2026-09-22T10:07:07+10:00] STATUS group=1 models=Gemma Qwen completed=5760/5760 active_jobs=0
[2026-09-22T10:07:07+10:00] ACTIVE group=1 none
[2026-09-22T10:07:09+10:00] STATUS group=2 models=Mistral completed=2880/2880 active_jobs=0
[2026-09-22T10:07:09+10:00] ACTIVE group=2 none
[2026-09-22T10:07:11+10:00] STATUS group=3 models=Llama3.1 DeepSeek completed=2880/5760 active_jobs=1
[2026-09-22T10:07:11+10:00] ACTIVE group=3 id=32775592 name=RQ3B-3 state=RUNNING elapsed=30:49 limit=2:00:00 partition=h2gpu node=g025 reason=g025
[2026-09-22T10:12:16+10:00] STATUS group=1 models=Gemma Qwen completed=5760/5760 active_jobs=0
[2026-09-22T10:12:16+10:00] ACTIVE group=1 none
[2026-09-22T10:12:19+10:00] STATUS group=2 models=Mistral completed=2880/2880 active_jobs=0
[2026-09-22T10:12:19+10:00] ACTIVE group=2 none
[2026-09-22T10:12:21+10:00] STATUS group=3 models=Llama3.1 DeepSeek completed=2880/5760 active_jobs=1
[2026-09-22T10:12:21+10:00] ACTIVE group=3 id=32775592 name=RQ3B-3 state=RUNNING elapsed=35:59 limit=2:00:00 partition=h2gpu node=g025 reason=g025
[2026-09-22T10:17:25+10:00] STATUS group=1 models=Gemma Qwen completed=5760/5760 active_jobs=0
[2026-09-22T10:17:25+10:00] ACTIVE group=1 none
[2026-09-22T10:17:27+10:00] STATUS group=2 models=Mistral completed=2880/2880 active_jobs=0
[2026-09-22T10:17:27+10:00] ACTIVE group=2 none
[2026-09-22T10:17:29+10:00] STATUS group=3 models=Llama3.1 DeepSeek completed=2880/5760 active_jobs=1
[2026-09-22T10:17:29+10:00] ACTIVE group=3 id=32775592 name=RQ3B-3 state=RUNNING elapsed=41:07 limit=2:00:00 partition=h2gpu node=g025 reason=g025
[2026-09-22T10:22:33+10:00] STATUS group=1 models=Gemma Qwen completed=5760/5760 active_jobs=0
[2026-09-22T10:22:33+10:00] ACTIVE group=1 none
[2026-09-22T10:22:36+10:00] STATUS group=2 models=Mistral completed=2880/2880 active_jobs=0
[2026-09-22T10:22:36+10:00] ACTIVE group=2 none
[2026-09-22T10:22:38+10:00] STATUS group=3 models=Llama3.1 DeepSeek completed=2880/5760 active_jobs=1
[2026-09-22T10:22:38+10:00] ACTIVE group=3 id=32775592 name=RQ3B-3 state=RUNNING elapsed=46:16 limit=2:00:00 partition=h2gpu node=g025 reason=g025
[2026-09-22T10:27:42+10:00] STATUS group=1 models=Gemma Qwen completed=5760/5760 active_jobs=0
[2026-09-22T10:27:42+10:00] ACTIVE group=1 none
[2026-09-22T10:27:44+10:00] STATUS group=2 models=Mistral completed=2880/2880 active_jobs=0
[2026-09-22T10:27:44+10:00] ACTIVE group=2 none
[2026-09-22T10:27:46+10:00] STATUS group=3 models=Llama3.1 DeepSeek completed=2880/5760 active_jobs=1
[2026-09-22T10:27:46+10:00] ACTIVE group=3 id=32775592 name=RQ3B-3 state=RUNNING elapsed=51:24 limit=2:00:00 partition=h2gpu node=g025 reason=g025
[2026-09-22T10:32:50+10:00] STATUS group=1 models=Gemma Qwen completed=5760/5760 active_jobs=0
[2026-09-22T10:32:50+10:00] ACTIVE group=1 none
[2026-09-22T10:32:52+10:00] STATUS group=2 models=Mistral completed=2880/2880 active_jobs=0
[2026-09-22T10:32:52+10:00] ACTIVE group=2 none
[2026-09-22T10:32:54+10:00] STATUS group=3 models=Llama3.1 DeepSeek completed=2880/5760 active_jobs=1
[2026-09-22T10:32:54+10:00] ACTIVE group=3 id=32775592 name=RQ3B-3 state=RUNNING elapsed=56:32 limit=2:00:00 partition=h2gpu node=g025 reason=g025
[2026-09-22T10:37:58+10:00] STATUS group=1 models=Gemma Qwen completed=5760/5760 active_jobs=0
[2026-09-22T10:37:58+10:00] ACTIVE group=1 none
[2026-09-22T10:38:00+10:00] STATUS group=2 models=Mistral completed=2880/2880 active_jobs=0
[2026-09-22T10:38:00+10:00] ACTIVE group=2 none
[2026-09-22T10:38:02+10:00] STATUS group=3 models=Llama3.1 DeepSeek completed=2880/5760 active_jobs=1
[2026-09-22T10:38:02+10:00] ACTIVE group=3 id=32775592 name=RQ3B-3 state=RUNNING elapsed=1:01:40 limit=2:00:00 partition=h2gpu node=g025 reason=g025
[2026-09-22T10:43:06+10:00] STATUS group=1 models=Gemma Qwen completed=5760/5760 active_jobs=0
[2026-09-22T10:43:06+10:00] ACTIVE group=1 none
[2026-09-22T10:43:08+10:00] STATUS group=2 models=Mistral completed=2880/2880 active_jobs=0
[2026-09-22T10:43:08+10:00] ACTIVE group=2 none
[2026-09-22T10:43:10+10:00] STATUS group=3 models=Llama3.1 DeepSeek completed=2880/5760 active_jobs=1
[2026-09-22T10:43:10+10:00] ACTIVE group=3 id=32775592 name=RQ3B-3 state=RUNNING elapsed=1:06:48 limit=2:00:00 partition=h2gpu node=g025 reason=g025
[2026-09-22T10:48:14+10:00] STATUS group=1 models=Gemma Qwen completed=5760/5760 active_jobs=0
[2026-09-22T10:48:14+10:00] ACTIVE group=1 none
[2026-09-22T10:48:16+10:00] STATUS group=2 models=Mistral completed=2880/2880 active_jobs=0
[2026-09-22T10:48:17+10:00] ACTIVE group=2 none
[2026-09-22T10:48:18+10:00] STATUS group=3 models=Llama3.1 DeepSeek completed=2880/5760 active_jobs=1
[2026-09-22T10:48:18+10:00] ACTIVE group=3 id=32775592 name=RQ3B-3 state=RUNNING elapsed=1:11:56 limit=2:00:00 partition=h2gpu node=g025 reason=g025
[2026-09-22T10:53:22+10:00] STATUS group=1 models=Gemma Qwen completed=5760/5760 active_jobs=0
[2026-09-22T10:53:22+10:00] ACTIVE group=1 none
[2026-09-22T10:53:25+10:00] STATUS group=2 models=Mistral completed=2880/2880 active_jobs=0
[2026-09-22T10:53:25+10:00] ACTIVE group=2 none
[2026-09-22T10:53:27+10:00] STATUS group=3 models=Llama3.1 DeepSeek completed=2880/5760 active_jobs=1
[2026-09-22T10:53:27+10:00] ACTIVE group=3 id=32775592 name=RQ3B-3 state=RUNNING elapsed=1:17:05 limit=2:00:00 partition=h2gpu node=g025 reason=g025
[2026-09-22T10:58:31+10:00] STATUS group=1 models=Gemma Qwen completed=5760/5760 active_jobs=0
[2026-09-22T10:58:31+10:00] ACTIVE group=1 none
[2026-09-22T10:58:33+10:00] STATUS group=2 models=Mistral completed=2880/2880 active_jobs=0
[2026-09-22T10:58:33+10:00] ACTIVE group=2 none
[2026-09-22T10:58:35+10:00] STATUS group=3 models=Llama3.1 DeepSeek completed=2880/5760 active_jobs=1
[2026-09-22T10:58:35+10:00] ACTIVE group=3 id=32775592 name=RQ3B-3 state=RUNNING elapsed=1:22:13 limit=2:00:00 partition=h2gpu node=g025 reason=g025
[2026-09-22T11:03:39+10:00] STATUS group=1 models=Gemma Qwen completed=5760/5760 active_jobs=0
[2026-09-22T11:03:39+10:00] ACTIVE group=1 none
[2026-09-22T11:03:41+10:00] STATUS group=2 models=Mistral completed=2880/2880 active_jobs=0
[2026-09-22T11:03:41+10:00] ACTIVE group=2 none
[2026-09-22T11:03:43+10:00] STATUS group=3 models=Llama3.1 DeepSeek completed=2880/5760 active_jobs=1
[2026-09-22T11:03:43+10:00] ACTIVE group=3 id=32775592 name=RQ3B-3 state=RUNNING elapsed=1:27:21 limit=2:00:00 partition=h2gpu node=g025 reason=g025
[2026-09-22T11:08:47+10:00] STATUS group=1 models=Gemma Qwen completed=5760/5760 active_jobs=0
[2026-09-22T11:08:47+10:00] ACTIVE group=1 none
[2026-09-22T11:08:49+10:00] STATUS group=2 models=Mistral completed=2880/2880 active_jobs=0
[2026-09-22T11:08:49+10:00] ACTIVE group=2 none
[2026-09-22T11:08:51+10:00] STATUS group=3 models=Llama3.1 DeepSeek completed=2880/5760 active_jobs=1
[2026-09-22T11:08:51+10:00] ACTIVE group=3 id=32775592 name=RQ3B-3 state=RUNNING elapsed=1:32:29 limit=2:00:00 partition=h2gpu node=g025 reason=g025
[2026-09-22T11:13:55+10:00] STATUS group=1 models=Gemma Qwen completed=5760/5760 active_jobs=0
[2026-09-22T11:13:55+10:00] ACTIVE group=1 none
[2026-09-22T11:13:57+10:00] STATUS group=2 models=Mistral completed=2880/2880 active_jobs=0
[2026-09-22T11:13:57+10:00] ACTIVE group=2 none
[2026-09-22T11:13:59+10:00] STATUS group=3 models=Llama3.1 DeepSeek completed=2880/5760 active_jobs=1
[2026-09-22T11:13:59+10:00] ACTIVE group=3 id=32775592 name=RQ3B-3 state=RUNNING elapsed=1:37:37 limit=2:00:00 partition=h2gpu node=g025 reason=g025
[2026-09-22T11:19:03+10:00] STATUS group=1 models=Gemma Qwen completed=5760/5760 active_jobs=0
[2026-09-22T11:19:03+10:00] ACTIVE group=1 none
[2026-09-22T11:19:05+10:00] STATUS group=2 models=Mistral completed=2880/2880 active_jobs=0
[2026-09-22T11:19:05+10:00] ACTIVE group=2 none
[2026-09-22T11:19:07+10:00] STATUS group=3 models=Llama3.1 DeepSeek completed=2880/5760 active_jobs=1
[2026-09-22T11:19:08+10:00] ACTIVE group=3 id=32775592 name=RQ3B-3 state=RUNNING elapsed=1:42:46 limit=2:00:00 partition=h2gpu node=g025 reason=g025
[2026-09-22T11:24:12+10:00] STATUS group=1 models=Gemma Qwen completed=5760/5760 active_jobs=0
[2026-09-22T11:24:12+10:00] ACTIVE group=1 none
[2026-09-22T11:24:15+10:00] STATUS group=2 models=Mistral completed=2880/2880 active_jobs=0
[2026-09-22T11:24:15+10:00] ACTIVE group=2 none
[2026-09-22T11:24:17+10:00] STATUS group=3 models=Llama3.1 DeepSeek completed=2880/5760 active_jobs=1
[2026-09-22T11:24:17+10:00] ACTIVE group=3 id=32775592 name=RQ3B-3 state=RUNNING elapsed=1:47:55 limit=2:00:00 partition=h2gpu node=g025 reason=g025
[2026-09-22T11:29:21+10:00] STATUS group=1 models=Gemma Qwen completed=5760/5760 active_jobs=0
[2026-09-22T11:29:21+10:00] ACTIVE group=1 none
[2026-09-22T11:29:24+10:00] STATUS group=2 models=Mistral completed=2880/2880 active_jobs=0
[2026-09-22T11:29:24+10:00] ACTIVE group=2 none
[2026-09-22T11:29:26+10:00] STATUS group=3 models=Llama3.1 DeepSeek completed=2880/5760 active_jobs=1
[2026-09-22T11:29:26+10:00] ACTIVE group=3 id=32775592 name=RQ3B-3 state=RUNNING elapsed=1:53:04 limit=2:00:00 partition=h2gpu node=g025 reason=g025
[2026-09-22T11:34:30+10:00] STATUS group=1 models=Gemma Qwen completed=5760/5760 active_jobs=0
[2026-09-22T11:34:30+10:00] ACTIVE group=1 none
[2026-09-22T11:34:31+10:00] STATUS group=2 models=Mistral completed=2880/2880 active_jobs=0
[2026-09-22T11:34:32+10:00] ACTIVE group=2 none
[2026-09-22T11:34:33+10:00] STATUS group=3 models=Llama3.1 DeepSeek completed=2880/5760 active_jobs=1
[2026-09-22T11:34:33+10:00] ACTIVE group=3 id=32775592 name=RQ3B-3 state=RUNNING elapsed=1:58:11 limit=2:00:00 partition=h2gpu node=g025 reason=g025
[2026-09-22T11:39:37+10:00] STATUS group=1 models=Gemma Qwen completed=5760/5760 active_jobs=0
[2026-09-22T11:39:37+10:00] ACTIVE group=1 none
[2026-09-22T11:39:39+10:00] STATUS group=2 models=Mistral completed=2880/2880 active_jobs=0
[2026-09-22T11:39:39+10:00] ACTIVE group=2 none
[2026-09-22T11:39:41+10:00] STATUS group=3 models=Llama3.1 DeepSeek completed=2880/5760 active_jobs=0
[2026-09-22T11:39:41+10:00] ACTIVE group=3 none
[2026-09-22T11:39:41+10:00] SUBMIT group=3 job=RQ3B-3 id=32782522
[2026-09-22T11:44:45+10:00] STATUS group=1 models=Gemma Qwen completed=5760/5760 active_jobs=0
[2026-09-22T11:44:45+10:00] ACTIVE group=1 none
[2026-09-22T11:44:47+10:00] STATUS group=2 models=Mistral completed=2880/2880 active_jobs=0
[2026-09-22T11:44:47+10:00] ACTIVE group=2 none
[2026-09-22T11:44:49+10:00] STATUS group=3 models=Llama3.1 DeepSeek completed=2880/5760 active_jobs=1
[2026-09-22T11:44:49+10:00] ACTIVE group=3 id=32782522 name=RQ3B-3 state=RUNNING elapsed=5:05 limit=2:00:00 partition=h2gpu node=g087 reason=g087
[2026-09-22T11:49:53+10:00] STATUS group=1 models=Gemma Qwen completed=5760/5760 active_jobs=0
[2026-09-22T11:49:53+10:00] ACTIVE group=1 none
[2026-09-22T11:49:55+10:00] STATUS group=2 models=Mistral completed=2880/2880 active_jobs=0
[2026-09-22T11:49:55+10:00] ACTIVE group=2 none
[2026-09-22T11:49:57+10:00] STATUS group=3 models=Llama3.1 DeepSeek completed=2880/5760 active_jobs=1
[2026-09-22T11:49:57+10:00] ACTIVE group=3 id=32782522 name=RQ3B-3 state=RUNNING elapsed=10:13 limit=2:00:00 partition=h2gpu node=g087 reason=g087
[2026-09-22T11:55:01+10:00] STATUS group=1 models=Gemma Qwen completed=5760/5760 active_jobs=0
[2026-09-22T11:55:01+10:00] ACTIVE group=1 none
[2026-09-22T11:55:03+10:00] STATUS group=2 models=Mistral completed=2880/2880 active_jobs=0
[2026-09-22T11:55:03+10:00] ACTIVE group=2 none
[2026-09-22T11:55:05+10:00] STATUS group=3 models=Llama3.1 DeepSeek completed=2880/5760 active_jobs=1
[2026-09-22T11:55:05+10:00] ACTIVE group=3 id=32782522 name=RQ3B-3 state=RUNNING elapsed=15:21 limit=2:00:00 partition=h2gpu node=g087 reason=g087
